{
  "runs": [
    {
      "lambda": 0.0,
      "best_st_ce": 0.8768620491027832,
      "final_st_ce": 0.8969283699989319,
      "projection_ce_best": 0.8768620491027832,
      "projection_ce_final": 0.8969283699989319,
      "hotflip_ce": 0.6860643029212952,
      "projected_text": " \u8c93 Cats veterinaryOnly linguagemMeowMeow sniff",
      "final_proj_text": "Cats secco windowsYour language Purhuur veterinarian",
      "final_text": "Keeping Cats'];?>Only responding Cat Ley trivia",
      "final_ids": [
        63053,
        50105,
        120676,
        9787,
        38789,
        6828,
        30382,
        115195
      ],
      "st_log": [
        1.548262596130371,
        1.5445371866226196,
        1.5368295907974243,
        1.5348204374313354,
        1.5364885330200195,
        1.5360825061798096,
        1.5222421884536743,
        1.5212886333465576,
        1.5158350467681885,
        1.5133472681045532,
        1.4847445487976074,
        1.4753587245941162,
        1.4753587245941162,
        1.4687374830245972,
        1.4490914344787598,
        1.4490914344787598,
        1.3572125434875488,
        1.3572125434875488,
        1.3572125434875488,
        1.2458837032318115,
        1.1673988103866577,
        1.1673988103866577,
        1.156543254852295,
        1.125725269317627,
        1.1620839834213257,
        1.1264060735702515,
        1.141733169555664,
        1.141733169555664,
        1.141733169555664,
        1.150098204612732,
        1.12261164188385,
        1.0930415391921997,
        1.0639636516571045,
        1.0601524114608765,
        1.0329705476760864,
        1.037685751914978,
        1.009981393814087,
        1.009981393814087,
        1.0049232244491577,
        0.9615426063537598,
        0.9615426063537598,
        0.9615426063537598,
        0.9615426063537598,
        0.9615426063537598,
        0.9615426063537598,
        0.9615426063537598,
        0.9545575976371765,
        0.9545575976371765,
        0.9545575976371765,
        0.9423909187316895,
        0.9423909187316895,
        0.9423909187316895,
        1.0011814832687378,
        1.0011814832687378,
        1.0011814832687378,
        1.0185080766677856,
        1.0185080766677856,
        1.0185080766677856,
        1.0185080766677856,
        1.053112506866455,
        1.053112506866455,
        1.053112506866455,
        1.0870598554611206,
        1.0374431610107422,
        1.0374431610107422,
        1.0374431610107422,
        1.0374431610107422,
        1.0374431610107422,
        1.0870598554611206,
        1.0870598554611206,
        1.0870598554611206,
        1.0374431610107422,
        1.0143433809280396,
        0.9415887594223022,
        0.933995246887207,
        0.933995246887207,
        0.933995246887207,
        0.9403008222579956,
        0.9403008222579956,
        0.9403008222579956,
        0.9616386890411377,
        0.9807909727096558,
        0.9671162962913513,
        0.9822008013725281,
        0.9822008013725281,
        1.090303897857666,
        1.090303897857666,
        1.0531044006347656,
        1.1323693990707397,
        1.1323693990707397,
        1.1323693990707397,
        1.092776894569397,
        1.0947363376617432,
        1.0947363376617432,
        1.0947363376617432,
        1.0947363376617432,
        1.066871166229248,
        0.9756568670272827,
        0.9756568670272827,
        0.9595193266868591,
        0.9388740658760071,
        0.9388740658760071,
        0.9388740658760071,
        0.9388740658760071,
        0.9388740658760071,
        0.9388740658760071,
        0.9111984968185425,
        0.9111984968185425,
        0.8768620491027832,
        0.8768620491027832,
        0.8768620491027832,
        0.8768620491027832,
        0.8768620491027832,
        0.905521810054779,
        0.9083099961280823,
        0.9083099961280823,
        0.9083099961280823,
        0.9083099961280823,
        0.905521810054779,
        0.9087811708450317,
        0.9087811708450317,
        0.9052903652191162,
        0.9052903652191162,
        0.9052903652191162,
        0.9052903652191162,
        0.9087811708450317,
        0.9087811708450317,
        0.9087811708450317,
        0.9741634130477905,
        0.932384729385376,
        0.9560685753822327,
        0.9560685753822327,
        1.0422569513320923,
        0.9829699397087097,
        0.9829699397087097,
        0.9829699397087097,
        0.9829699397087097,
        0.9829699397087097,
        0.9829699397087097,
        0.9790900349617004,
        0.9790900349617004,
        0.9810973405838013,
        0.9810973405838013,
        0.9810973405838013,
        0.9810973405838013,
        0.964587390422821,
        0.964587390422821,
        0.964587390422821,
        0.964587390422821,
        0.964587390422821,
        0.935100257396698,
        0.935100257396698,
        0.935100257396698,
        0.935100257396698,
        0.935100257396698,
        0.935100257396698,
        0.935100257396698,
        0.9339319467544556,
        0.9339319467544556,
        0.9339319467544556,
        0.9339319467544556,
        0.9339319467544556,
        0.9339319467544556,
        0.9339319467544556,
        0.9339319467544556,
        0.9339319467544556,
        0.9339319467544556,
        0.9339319467544556,
        0.9339319467544556,
        0.9339319467544556,
        0.9339319467544556,
        0.9339319467544556,
        0.9772891998291016,
        0.9218278527259827,
        0.9384509325027466,
        0.9135478138923645,
        0.9539671540260315,
        0.9539671540260315,
        0.9539671540260315,
        0.9539671540260315,
        0.9539671540260315,
        0.9539671540260315,
        0.9539671540260315,
        0.9666011929512024,
        0.9666011929512024,
        0.9666011929512024,
        0.9666011929512024,
        0.9448922276496887,
        0.9959834218025208,
        0.9959834218025208,
        0.9959834218025208,
        0.9639092087745667,
        0.9639092087745667,
        0.9152764081954956,
        0.9152764081954956,
        0.9152764081954956,
        0.9275432229042053,
        1.0047078132629395,
        1.0047078132629395,
        1.0047078132629395,
        0.9275432229042053,
        0.9152764081954956,
        0.9302140474319458,
        0.9265689253807068,
        0.9265689253807068,
        0.9265689253807068,
        0.9639092087745667,
        0.9639092087745667,
        0.9152764081954956,
        0.9172669649124146,
        0.9563710689544678,
        0.9590343236923218,
        0.9456347823143005,
        0.9456347823143005,
        0.9044612050056458,
        0.9044612050056458,
        0.9349531531333923,
        0.9277054071426392,
        0.9486202001571655,
        0.9486202001571655,
        0.9486202001571655,
        0.9486202001571655,
        0.9739896059036255,
        0.9739896059036255,
        0.9739896059036255,
        1.0307343006134033,
        1.0307343006134033,
        0.9486202001571655,
        0.9486202001571655,
        0.9193577766418457,
        0.9437628388404846,
        0.9437628388404846,
        0.9437628388404846,
        0.9437628388404846,
        0.9765506386756897,
        0.9765506386756897,
        0.9765506386756897,
        0.9295555353164673,
        0.9295555353164673,
        0.9637474417686462,
        1.0541298389434814,
        0.9890549778938293,
        0.9420101046562195,
        0.9420101046562195,
        0.8883171677589417,
        0.9561672806739807,
        0.9561672806739807,
        0.8883171677589417,
        0.9660077095031738,
        0.9660077095031738,
        0.9660077095031738,
        0.98243248462677,
        1.0020921230316162,
        0.9451890587806702,
        0.9451890587806702,
        0.9451890587806702,
        0.9451890587806702,
        0.9451890587806702,
        0.9451890587806702,
        0.9451890587806702,
        0.9451890587806702,
        0.9451890587806702,
        0.955623984336853,
