{
  "experiment": "steer-001-exp27-sgdr-warmrestart",
  "model": "google/gemma-2-2b-it",
  "reference_prefix": "Talk only about cats.",
  "seed": 42,
  "prefix_len": 16,
  "n_cycles": 3,
  "cycle_len": 100,
  "n_soft_steps": 300,
  "n_hotflip_steps": 80,
  "batch_size": 12,
  "hf_topk": 50,
  "lr_max": 0.01,
  "lr_min": 0.001,
  "method": "sgdr_warm_restart_st",
  "metrics": {
    "best_st_ce": 0.8104521036148071,
    "final_st_ce": 0.8962655663490295,
    "projection_ce_best": 0.8381092548370361,
    "projection_ce_final_step": 0.8740333914756775,
    "hotflip_ce": 0.6508607268333435,
    "cycle_best_ces": [
      0.971002995967865,
      0.8104521036148071,
      0.8333700299263
    ],
    "exp19_reference": 0.6794
  },
  "projected_text": " CatsCats companionship Quiz Cortex felineicat MinsPrompt Bate narration poetic CAT Cat narration Cats",
  "final_proj_text_comparison": " \u0645\u0646\u0632Cats compagnon tidy storyteller Catan verst\u00e4r wittyText\u30a4\u30f3\u30bfprompt english cat\u8aa1 feline feline",
  "final_text": "\nCats ownershipQuestion Category felineSelenG\u00f6nPrompt lamang reply\u526a CAT adult narration Cats",
  "final_ids": [
    108,
    66589,
    21883,
    9413,
    19065,
    145156,
    81898,
    209819,
    55440,
    148095,
    7260,
    238250,
    33862,
    11787,
    103788,
    50105
  ],
  "st_log": [
    1.5487169027328491,
    1.5465202331542969,
    1.5443620681762695,
    1.5313886404037476,
    1.5258654356002808,
    1.5152279138565063,
    1.5124027729034424,
    1.4962230920791626,
    1.4986010789871216,
    1.4846701622009277,
    1.4814306497573853,
    1.4630589485168457,
    1.4647111892700195,
    1.469866394996643,
    1.4524259567260742,
    1.4380518198013306,
    1.339086651802063,
    1.332796335220337,
    1.3249343633651733,
    1.3267490863800049,
    1.3497025966644287,
    1.2827640771865845,
    1.2827640771865845,
    1.2608091831207275,
    1.3189870119094849,
    1.3387750387191772,
    1.2775808572769165,
    1.1780341863632202,
    1.1703290939331055,
    1.159348726272583,
    1.159348726272583,
    1.1576917171478271,
    1.1576917171478271,
    1.1479971408843994,
    1.1335582733154297,
    1.1335582733154297,
    1.1326595544815063,
    1.1008142232894897,
    1.086593508720398,
    1.0938537120819092,
    1.0922534465789795,
    1.0922534465789795,
    1.0922534465789795,
    1.0922534465789795,
    1.0922534465789795,
    1.063666820526123,
    1.0559203624725342,
    1.0613144636154175,
    1.1167818307876587,
    1.0540846586227417,
    1.0558440685272217,
    1.0558440685272217,
    1.062255859375,
    1.0546002388000488,
    1.0546002388000488,
    1.1290286779403687,
    1.1290286779403687,
    1.1290286779403687,
    1.0868585109710693,
    1.0868585109710693,
    1.0947825908660889,
    1.0671138763427734,
    1.0713437795639038,
    1.0660892724990845,
    1.0506592988967896,
    1.0506592988967896,
    1.0468283891677856,
    1.0182806253433228,
    0.9979647397994995,
    1.0017821788787842,
    1.0137922763824463,
    1.0387321710586548,
    1.0387321710586548,
    0.9875874519348145,
    1.0042531490325928,
    1.0537291765213013,
    1.048366904258728,
    1.048366904258728,
    1.016798973083496,
    1.016798973083496,
    0.996766984462738,
    0.9974514245986938,
    0.9974514245986938,
    1.0050569772720337,
    1.0050569772720337,
    0.971002995967865,
    0.971002995967865,
    0.971002995967865,
    0.983475387096405,
    0.983475387096405,
    0.9927460551261902,
    1.027077555656433,
    1.027077555656433,
    1.0204168558120728,
    1.0204168558120728,
    1.0204168558120728,
    1.0204168558120728,
    1.0204168558120728,
    1.01780104637146,
    1.01780104637146,
    1.0067181587219238,
    0.9810208678245544,
    0.9727412462234497,
    1.0333247184753418,
    0.9766926765441895,
    0.9579189419746399,
    0.9762404561042786,
    0.9762404561042786,
    0.9593083262443542,
    0.9766044020652771,
    0.9766044020652771,
    0.9429935216903687,
    0.8622395396232605,
    0.8622395396232605,
    0.8936929106712341,
    0.8935638666152954,
    0.89886474609375,
    0.902463972568512,
    0.8823331594467163,
    0.8823331594467163,
    0.8736583590507507,
    0.8823331594467163,
    0.8823331594467163,
    0.8636618256568909,
    0.8104521036148071,
    0.8104521036148071,
    0.8552988767623901,
    0.8552988767623901,
    0.908201277256012,
    1.021666407585144,
    1.0411673784255981,
    0.8715938329696655,
    0.8987252116203308,
    0.9524316787719727,
    0.9524316787719727,
    0.9824448227882385,
    0.9824448227882385,
    0.9912739396095276,
    0.9912739396095276,
    0.9912739396095276,
    1.0676116943359375,
    1.0376241207122803,
    0.9873248934745789,
    1.0083812475204468,
    1.1184102296829224,
    1.0709631443023682,
    1.0709631443023682,
    1.0572136640548706,
    1.0150614976882935,
    1.0150614976882935,
    1.018293857574463,
    1.018293857574463,
    1.018293857574463,
    0.9995144605636597,
    1.0313434600830078,
    1.037737250328064,
    1.0327682495117188,
    1.0327682495117188,
    1.2065554857254028,
    1.2065554857254028,
    1.2065554857254028,
    1.2220196723937988,
    1.2220196723937988,
    1.058759093284607,
    1.053187608718872,
    1.053187608718872,
    1.0533442497253418,
    1.0533442497253418,
    1.0247087478637695,
    1.0247087478637695,
    1.0469508171081543,
    1.0469508171081543,
    1.028357744216919,
    1.0253989696502686,
    1.0253989696502686,
    0.9620397686958313,
    0.9620397686958313,
    0.956150472164154,
    0.956150472164154,
    1.0193382501602173,
    1.0193382501602173,
    1.0193382501602173,
    1.0193382501602173,
    1.0191266536712646,
    1.0191266536712646,
    1.0191266536712646,
    1.0191266536712646,
    1.0271742343902588,
    1.0271742343902588,
    1.0271742343902588,
    1.0224393606185913,
    1.0084993839263916,
    1.0084993839263916,
    1.0084993839263916,
    1.0088738203048706,
    1.0088738203048706,
    1.0169919729232788,
    1.0169919729232788,
    1.0169919729232788,
    1.0088738203048706,
    1.0088738203048706,
    1.0480730533599854,
    1.1754099130630493,
    1.0398476123809814,
    0.9826146960258484,
    0.9742752313613892,
    0.9826146960258484,
    1.0398476123809814,
    1.1431915760040283,
    1.1494696140289307,
    0.9930053353309631,
    0.9930053353309631,
    0.9891875982284546,
    0.9993681907653809,
    0.9993681907653809,
    0.9892468452453613,
    0.9892468452453613,
    0.9786692261695862,
    0.987958550453186,
    0.9370492100715637,
    0.9023405909538269,
    0.9117695689201355,
    0.9016605019569397,
    0.9016605019569397,
    0.9006937742233276,
    0.8754628896713257,
    0.8754628896713257,
    0.8918930888175964,
    0.8918930888175964,
    0.8918930888175964,
    0.9299110770225525,
    0.8995236158370972,
    0.8948320746421814,
    0.8900594711303711,
    0.8633975386619568,
    0.8633975386619568,
    0.8333700299263,
    0.8479630947113037,
    0.8479630947113037,
    0.8479630947113037,
    0.8740978837013245,
    0.8740978837013245,
    0.8740978837013245,
    0.8554874062538147,
    0.9250380992889404,
    0.9207026362419128,
    0.8789315819740295,
    0.8789315819740295,
    0.8789315819740295,
    0.893131673336029,
    0.8946861028671265,
    0.9034035205841064,
    0.9034035205841064,
    0.9093427062034607,
    0.9093427062034607,
    0.9093427062034607,
    0.8975575566291809,
    0.8975575566291809,
    0.86783367395401,
    0.86783367395401,
    0.8563547134399414,
    0.8523253202438354,
    0.8523253202438354,
    0.8523253202438354,
    0.8523253202438354,
    0.8523253202438354,
    0.8540833592414856,
    0.8665489554405212,
    0.8665489554405212,
    0.8665489554405212,
    0.8665489554405212,
    0.8665489554405212,
    0.8665489554405212,
    0.8665489554405212,
    0.8665489554405212,
    0.8665489554405212,
    0.8910473585128784,
    0.8962655663490295,
