{
  "experiment": "steer-001-exp19-long-prefix",
  "model": "google/gemma-2-2b-it",
  "reference_prefix": "Talk only about cats.",
  "seed": 42,
  "prefix_len": 16,
  "n_soft_steps": 300,
  "n_hotflip_steps": 80,
  "batch_size": 12,
  "hf_topk": 50,
  "lr_max": 0.01,
  "lr_min": 0.001,
  "method": "st_cosine_anneal_best_prefix_long",
  "metrics": {
    "best_st_ce": 0.824249804019928,
    "final_st_ce": 0.8854697942733765,
    "projection_ce_best": 0.9052648544311523,
    "projection_ce_final_step": 0.8634568452835083,
    "hotflip_ce": 0.6794084906578064,
    "exp11_prefix8_proj": 0.76245,
    "exp11_prefix8_hotflip": 0.68935
  },
  "projected_text": "Cats\ud83d\ude34 pets instructionsLean Carlo pets Archive Format:\"CAT Speech witty cats responses Transcript",
  "final_proj_text_comparison": "Cats obesity pets instructionsLean storyteller pets Archive Format:**CAT storyteller trivia cats responses Transcript",
  "final_text": "Cats).[animals instructions\u0628\u0648\u0627\u0628\u0629ver PflegeLIBRARYEspecificaciones:\" earsXmlAccessType witty cats responses General",
  "final_ids": [
    66589,
    232524,
    73540,
    12027,
    12827,
    598,
    74257,
    72835,
    68089,
    6899,
    19475,
    113869,
    103482,
    19493,
    15641,
    5105
  ],
  "st_log": [
    1.5487169027328491,
    1.5465202331542969,
    1.5443620681762695,
    1.5313886404037476,
    1.5258654356002808,
    1.5152279138565063,
    1.5124027729034424,
    1.4962230920791626,
    1.4986010789871216,
    1.4846701622009277,
    1.4814306497573853,
    1.4630589485168457,
    1.4647111892700195,
    1.4627957344055176,
    1.4380518198013306,
    1.4380518198013306,
    1.3934104442596436,
    1.3621277809143066,
    1.361212968826294,
    1.3228003978729248,
    1.3228003978729248,
    1.268520474433899,
    1.268520474433899,
    1.2659647464752197,
    1.3383049964904785,
    1.3571668863296509,
    1.3571668863296509,
    1.3436945676803589,
    1.293312430381775,
    1.115390658378601,
    1.1520453691482544,
    1.1202675104141235,
    1.1202675104141235,
    1.1041690111160278,
    1.0676538944244385,
    1.0482758283615112,
    1.0390907526016235,
    1.0764923095703125,
    1.0836867094039917,
    1.093277096748352,
    0.9993072748184204,
    0.9011978507041931,
    0.9011978507041931,
    0.9011978507041931,
    0.9145814180374146,
    0.9497785568237305,
    0.9497785568237305,
    0.9217694997787476,
    0.9321019053459167,
    0.9321019053459167,
    0.912440836429596,
    0.912440836429596,
    0.912440836429596,
    0.8935558199882507,
    0.8935558199882507,
    0.8935558199882507,
    0.9203093647956848,
    0.9612060785293579,
    0.9612060785293579,
    0.9656943082809448,
    0.9656943082809448,
    0.9656943082809448,
    0.9561285376548767,
    0.9561285376548767,
    0.9561285376548767,
    0.9561285376548767,
    0.9709641933441162,
    0.9968768358230591,
    1.0070446729660034,
    0.9306572079658508,
    0.9306572079658508,
    0.9098456501960754,
    0.8884721398353577,
    0.8884721398353577,
    0.9602405428886414,
    0.9602405428886414,
    0.9327232837677002,
    0.9468055367469788,
    0.9468055367469788,
    1.003275990486145,
    1.0214488506317139,
    1.0290573835372925,
    1.0008435249328613,
    1.0008435249328613,
    1.0008435249328613,
    0.9903164505958557,
    0.9985429644584656,
    0.9985429644584656,
    0.9295180439949036,
    0.9113308787345886,
    0.9113308787345886,
    0.8619118928909302,
    0.8619118928909302,
    0.9346582293510437,
    0.920979380607605,
    0.862328827381134,
    0.862328827381134,
    0.8690577745437622,
    0.862328827381134,
    0.9157015681266785,
    0.9484239816665649,
    0.8791645765304565,
    0.891418993473053,
    0.891418993473053,
    0.8655381202697754,
    0.8737896680831909,
    0.8737896680831909,
    0.9843546152114868,
    0.8756027817726135,
    0.8669942021369934,
    0.9825836420059204,
    0.9825836420059204,
    0.9839760661125183,
    1.0422554016113281,
    0.9159101247787476,
    0.9090306162834167,
    0.9090306162834167,
    0.923460841178894,
    0.9233841300010681,
    0.8693088293075562,
    0.8693088293075562,
    0.8693088293075562,
    0.8693088293075562,
    0.8590416312217712,
    0.9260637164115906,
    0.8448069095611572,
    0.8265763521194458,
    0.8265763521194458,
    0.8265763521194458,
    0.8401239514350891,
    0.9458956718444824,
    0.9458956718444824,
    0.8991380929946899,
    0.8991380929946899,
    0.9354304075241089,
    0.9354304075241089,
    0.9354304075241089,
    0.8665771484375,
    0.8846914768218994,
    0.8767913579940796,
    0.8767913579940796,
    0.8752257227897644,
    0.9074820876121521,
    0.9074820876121521,
    0.9314267039299011,
    0.9545204043388367,
    0.9514930844306946,
    0.8537281155586243,
    0.8371888995170593,
    0.8664607405662537,
    0.8664607405662537,
    0.8988624215126038,
    0.8988624215126038,
    0.8988624215126038,
    0.8932210206985474,
    0.9207942485809326,
    1.0018460750579834,
    0.9207848906517029,
    0.9267629981040955,
    0.9002654552459717,
    0.9002654552459717,
    0.8783990740776062,
    0.8660876154899597,
    0.8665112853050232,
    0.8972216248512268,
    0.869117259979248,
    0.8444321155548096,
    0.8298583626747131,
    0.8780062198638916,
    0.9020398855209351,
    0.9020398855209351,
    0.9128372073173523,
    0.9128372073173523,
    0.9128372073173523,
    0.9578944444656372,
    0.9128372073173523,
    0.8850743174552917,
    0.8596152663230896,
    0.8769223093986511,
    0.8769223093986511,
    0.8931775689125061,
    0.8931775689125061,
    0.8555173873901367,
    0.8555173873901367,
    0.8555173873901367,
    0.8555173873901367,
    0.9410688877105713,
    0.877814769744873,
    0.8388489484786987,
    0.8519808053970337,
    0.8519808053970337,
    0.8519808053970337,
    0.8519808053970337,
    0.9194639921188354,
    0.9227715730667114,
    0.913358211517334,
    0.913358211517334,
    0.8812763690948486,
    0.8812763690948486,
    0.8812763690948486,
    0.8812763690948486,
    0.8678690195083618,
    0.8678690195083618,
    0.8471760749816895,
    0.9257622957229614,
    0.9257622957229614,
    1.0233513116836548,
    0.9496394395828247,
    0.9496394395828247,
    0.9582593441009521,
    0.9582593441009521,
    0.9496394395828247,
    0.9263768196105957,
    0.9160307049751282,
    0.9160307049751282,
    0.9160307049751282,
    0.9761248230934143,
    0.8891842365264893,
    0.8774084448814392,
    0.8484626412391663,
    0.872916042804718,
    0.872916042804718,
    0.8669543266296387,
    0.8669543266296387,
    0.8669543266296387,
    0.930961012840271,
    0.930961012840271,
    0.824249804019928,
    0.824249804019928,
    0.824249804019928,
    0.8983840942382812,
    0.8616292476654053,
    0.8279560804367065,
    0.8279560804367065,
    0.8279560804367065,
    0.8279560804367065,
    0.8359231352806091,
    0.8359231352806091,
    0.860148012638092,
    0.860148012638092,
    0.8659020662307739,
    0.8659020662307739,
    0.8659020662307739,
    0.8538860082626343,
    0.8538860082626343,
    0.8538860082626343,
    0.9093414545059204,
    0.8526558876037598,
    0.8398139476776123,
    0.8398139476776123,
    0.8604680299758911,
    0.8602368235588074,
    0.8827721476554871,
    0.8631400465965271,
    0.8485501408576965,
    0.8506051898002625,
    0.8506051898002625,
    0.8506051898002625,
    1.009470820426941,
    1.0063658952713013,
    1.1291470527648926,
    1.108088731765747,
    1.108088731765747,
    1.108088731765747,
    0.8962669372558594,
    0.8979558944702148,
    0.8796831965446472,
    0.8796831965446472,
    0.8796831965446472,
    0.8796831965446472,
    0.8796831965446472,
    0.8796831965446472,
    0.8796831965446472,
    0.8796831965446472,
    0.9101619124412537,
    0.9101619124412537,
    0.9009009003639221,
    0.9494166374206543,
    0.9372086524963379,
    0.9372086524963379,
