{
  "experiment": "steer-001-exp25-scale-prefix-32",
  "model": "google/gemma-2-2b-it",
  "reference_prefix": "Talk only about cats.",
  "seed": 42,
  "prefix_len": 32,
  "n_soft_steps": 300,
  "n_hotflip_steps": 35,
  "batch_size": 12,
  "hf_topk": 50,
  "lr_max": 0.01,
  "lr_min": 0.001,
  "method": "st_cosine_anneal_best_prefix",
  "metrics": {
    "best_st_ce": 0.7910265922546387,
    "final_st_ce": 0.8257447481155396,
    "projection_ce_best": 0.8728172779083252,
    "projection_ce_final_step": 0.819087028503418,
    "hotflip_ce": 0.6317083835601807,
    "exp19_reference": 0.6794
  },
  "projected_text": "Cats Cats)= Nugent inglese Ally iyoUSERroremnu phrasing risposteynxradi Ren\u00e9e\u0443\u0440prilfrainnEnter treats snoring\ud83d\ude39uating Feast F\u00e9 FM obedience feline:**General haughty cats",
  "final_proj_text_comparison": " cats strut()){ catsIGIRespond activarUSER votre seguir Copy respondynxradiPuutt\u3055\u3093\u306e verse nati prompts answers catsPud\u043f\u0443 F\u00e9PU anggaran thermostat supplementDear mischievous cats",
  "final_text": "Cats Cats\ufeff<? Nowak veta chatbot iyoUSERrore dicendo BIR risposte goose\u00eatre fid\u00e8les\u0443\u0440 Noorate Interrupt Groom snoringsoltuating Feast Realistic FM obedience feline:**ABOUT haughty cats",
  "final_ids": [
    66589,
    50105,
    232181,
    167791,
    147994,
    183294,
    94337,
    14053,
    155060,
    216690,
    55755,
    194422,
    50014,
    6695,
    190559,
    24181,
    1307,
    205118,
    133794,
    108053,
    184370,
    214624,
    136354,
    99319,
    141341,
    25401,
    56284,
    145156,
    66058,
    29606,
    167309,
    19493
  ],
  "st_log": [
    1.5501165390014648,
    1.5449631214141846,
    1.5409599542617798,
    1.5236512422561646,
    1.518210768699646,
    1.5104799270629883,
    1.5095231533050537,
    1.5072658061981201,
    1.498665690422058,
    1.4909865856170654,
    1.3120824098587036,
    1.2976036071777344,
    1.3019686937332153,
    1.2957974672317505,
    1.3833409547805786,
    1.322142481803894,
    1.3049488067626953,
    1.301242709159851,
    1.2643980979919434,
    1.2312167882919312,
    1.2029836177825928,
    1.2096002101898193,
    1.2033336162567139,
    1.1655049324035645,
    1.1724597215652466,
    1.240123987197876,
    1.133471131324768,
    1.0961096286773682,
    1.0859254598617554,
    1.1067297458648682,
    1.1226396560668945,
    1.121407389640808,
    1.0983794927597046,
    1.1034448146820068,
    1.073052167892456,
    1.0483263731002808,
    1.0464516878128052,
    1.01083242893219,
    1.0072801113128662,
    1.008916974067688,
    1.0513263940811157,
    1.0143887996673584,
    1.0095478296279907,
    1.0154699087142944,
    1.0154699087142944,
    0.9716154336929321,
    0.9673661589622498,
    0.9659082293510437,
    0.9817142486572266,
    0.9679367542266846,
    0.9433733224868774,
    0.9411415457725525,
    0.9564071297645569,
    0.9825862050056458,
    0.9719691872596741,
    0.9564037919044495,
    0.9564037919044495,
    0.9547186493873596,
    0.9849300384521484,
    0.9726861119270325,
    1.0038411617279053,
    0.9587611556053162,
    0.9947128295898438,
    0.9720595479011536,
    0.9385833144187927,
    0.9047582149505615,
    0.9150197505950928,
    0.9150197505950928,
    0.944486141204834,
    0.9723309874534607,
    0.9888125061988831,
    0.9806870818138123,
    0.9483239054679871,
    0.9362058043479919,
    0.9405732750892639,
    0.9475255608558655,
    0.9510259628295898,
    0.84331876039505,
    0.8501356244087219,
    0.8358083367347717,
    0.8194916248321533,
    0.8512206673622131,
    0.8820230960845947,
    0.7919974327087402,
    0.8153940439224243,
    0.9601014256477356,
    0.7910265922546387,
    0.8461834788322449,
    0.8507137894630432,
    0.8724405765533447,
    0.8724405765533447,
    0.8906422257423401,
    0.8747430443763733,
    0.8775184750556946,
    0.8565510511398315,
    0.9144936203956604,
    0.9530510306358337,
    0.9957633018493652,
    0.951316237449646,
    0.951316237449646,
    1.02765953540802,
    0.9900520443916321,
    0.9659103155136108,
    0.9670268297195435,
    0.9953728318214417,
    0.9953728318214417,
    0.9657297730445862,
    0.9786377549171448,
    0.9136976003646851,
    0.9136976003646851,
    0.8987866044044495,
    0.8741203546524048,
    0.881420373916626,
    0.8748124241828918,
    0.8748124241828918,
    0.8748124241828918,
    0.8877139091491699,
    0.898406982421875,
    1.0058714151382446,
    1.0513643026351929,
    1.0165660381317139,
    0.8768795728683472,
    0.9168683886528015,
    0.9168683886528015,
    0.9168683886528015,
    0.9164525866508484,
    0.9180188775062561,
    0.9922130107879639,
    0.986804723739624,
    0.9791955351829529,
    0.9797765016555786,
    0.9406059980392456,
    0.8336806297302246,
    0.8336806297302246,
    0.8241450786590576,
    0.8196486234664917,
    0.9527135491371155,
    1.164544939994812,
    1.0795977115631104,
    1.0802843570709229,
    1.0577727556228638,
    0.9676128625869751,
    0.938552737236023,
    0.9291556477546692,
    0.9160233736038208,
    0.9066089391708374,
    0.8826197385787964,
    0.8377253413200378,
    0.8415187001228333,
    0.858485221862793,
    0.8573693633079529,
    0.8587282299995422,
    0.9391792416572571,
    0.9497073888778687,
    0.9546259641647339,
    0.945751428604126,
    0.945751428604126,
    0.945751428604126,
    0.9316166043281555,
    0.9316166043281555,
    0.9316166043281555,
    0.8417961597442627,
    0.8521631956100464,
    0.8899523019790649,
    0.8714089393615723,
    0.8714089393615723,
    0.8776117563247681,
    0.8776117563247681,
    0.8776117563247681,
    0.8730141520500183,
    0.8730141520500183,
    0.8730141520500183,
    0.8665913939476013,
    0.8496870994567871,
    0.8496870994567871,
    0.8496870994567871,
    0.8579602241516113,
    0.8392037153244019,
    0.8392037153244019,
    0.8713966608047485,
    0.8713966608047485,
    0.8886681795120239,
    0.9144582152366638,
    0.8474307060241699,
    0.8474307060241699,
    0.866825520992279,
    0.8562207818031311,
    0.8617790341377258,
    0.8617790341377258,
    0.8650979399681091,
    0.8650979399681091,
    0.8655198812484741,
    0.8583561182022095,
    0.8583561182022095,
    0.8149237036705017,
    0.8283888697624207,
    0.8153819441795349,
    0.8153819441795349,
    0.8153819441795349,
    0.817603349685669,
    0.817603349685669,
    0.8140943646430969,
    0.8140943646430969,
    0.8140943646430969,
    0.8140943646430969,
    0.8128705620765686,
    0.8128705620765686,
    0.8146831393241882,
    0.8031514286994934,
    0.8031514286994934,
    0.8045303821563721,
    0.8045303821563721,
    0.8045303821563721,
    0.8010300993919373,
    0.804252028465271,
    0.804252028465271,
    0.8170358538627625,
    0.8254985213279724,
    0.8735848069190979,
    0.8179268836975098,
    0.8666433095932007,
    0.8270274996757507,
    0.8713791370391846,
    0.8713791370391846,
    0.8713791370391846,
    0.8713791370391846,
    0.8601716756820679,
    0.8684629201889038,
    0.8684629201889038,
    0.8632270097732544,
    0.860758900642395,
    0.860758900642395,
    0.949641227722168,
    0.8937357664108276,
    0.8937357664108276,
    0.8937357664108276,
    0.8937357664108276,
    0.88860684633255,
    0.8816462159156799,
    0.9261596202850342,
    0.9587613940238953,
    0.9549667835235596,
    0.966004490852356,
    0.990837812423706,
    0.9862412810325623,
    1.0048270225524902,
    1.0002021789550781,
    0.9131960868835449,
    0.8539839386940002,
    0.847266435623169,
    0.847266435623169,
    0.847266435623169,
    0.847266435623169,
    0.8603079319000244,
    0.8563498854637146,
    0.8419007658958435,
    0.8419007658958435,
    0.8629255890846252,
    0.8702360391616821,
    0.8057105541229248,
    0.8059566617012024,
    0.8059566617012024,
    0.8059566617012024,
    0.8059566617012024,
