{
  "experiment": "steer-001-exp10-exact-repro",
  "model": "google/gemma-2-2b-it",
  "reference_prefix": "Talk only about cats.",
  "seed": 42,
  "prefix_len": 8,
  "n_soft_steps": 300,
  "n_hotflip_steps": 80,
  "batch_size": 12,
  "hf_topk": 30,
  "placeholder": "SOFTPREFIX",
  "metrics": {
    "soft_ce": 0.1797938495874405,
    "projection_ce": 1.3982406854629517,
    "hotflip_ce": 0.7403963208198547,
    "exp1_baseline_soft": 0.1908,
    "exp1_baseline_proj": 1.4357,
    "exp1_baseline_hotflip": 0.7399
  },
  "projected_text": "\ua9b1 coarseri\u017fchen garantitBerita EXERCISES hindurchNoti",
  "final_text": "Cats\":[{ CHOOSE \u0435\u043b\u043d\u044b\u04a3airs prochains voice remark",
  "final_ids": [
    66589,
    107406,
    158100,
    230815,
    10440,
    184986,
    7061,
    12458
  ],
  "soft_log": [
    1.4773445129394531,
    1.372506022453308,
    1.3447030782699585,
    1.2646920680999756,
    1.2156606912612915,
    1.189161777496338,
    1.1393717527389526,
    1.0892741680145264,
    1.0280717611312866,
    0.9687439799308777,
    0.9166240692138672,
    0.8756077289581299,
    0.8815944194793701,
    0.8460588455200195,
    0.8295066952705383,
    0.8103652596473694,
    0.7954195737838745,
    0.7736452221870422,
    0.7627659440040588,
    0.7396990656852722,
    0.7257294058799744,
    0.7129977941513062,
    0.6829490661621094,
    0.6704691052436829,
    0.6567701697349548,
    0.6461195349693298,
    0.6332711577415466,
    0.6192019581794739,
    0.6012099385261536,
    0.5821554660797119,
    0.5700305700302124,
    0.5613145232200623,
    0.5542693138122559,
    0.5526313185691833,
    0.5489165186882019,
    0.5328380465507507,
    0.5296294093132019,
    0.5208386182785034,
    0.5131305456161499,
    0.5102538466453552,
    0.5047129988670349,
    0.49248385429382324,
    0.49240049719810486,
    0.4842519760131836,
    0.47779712080955505,
    0.47788068652153015,
    0.4817140996456146,
    0.46439746022224426,
    0.4679681360721588,
    0.4609353542327881,
    0.45735108852386475,
    0.45140889286994934,
    0.44940486550331116,
    0.4429519772529602,
    0.44128739833831787,
    0.43819552659988403,
    0.4368511438369751,
    0.4326820969581604,
    0.42915722727775574,
    0.42539307475090027,
    0.42154982686042786,
    0.4200292229652405,
    0.4174054265022278,
    0.4121011197566986,
    0.4106066823005676,
    0.4060279130935669,
    0.4056769907474518,
    0.40163522958755493,
    0.3998478949069977,
    0.3993730843067169,
    0.4062689244747162,
    0.3953385651111603,
    0.3944534659385681,
    0.40311890840530396,
    0.392317533493042,
    0.38837963342666626,
    0.3880288302898407,
    0.3816046714782715,
    0.3822875916957855,
    0.37424007058143616,
    0.3802751898765564,
    0.3699668049812317,
    0.37143051624298096,
    0.3637887239456177,
    0.3784058094024658,
    0.36701738834381104,
    0.36844152212142944,
    0.36493980884552,
    0.3579927980899811,
    0.3497539162635803,
    0.3583603501319885,
    0.3499680161476135,
    0.3576814830303192,
    0.35619813203811646,
    0.3484470248222351,
    0.3433879017829895,
    0.34702590107917786,
    0.3511323630809784,
    0.3555420935153961,
    0.3465380370616913,
    0.35405659675598145,
    0.3298138678073883,
    0.34727418422698975,
    0.34479305148124695,
    0.3422410786151886,
    0.35214725136756897,
    0.3365701735019684,
    0.3313136696815491,
    0.33128663897514343,
    0.324001282453537,
    0.323696494102478,
    0.32552462816238403,
    0.3226570785045624,
    0.308187335729599,
    0.311458557844162,
    0.31719014048576355,
    0.3309606611728668,
    0.3263370096683502,
    0.3222159743309021,
    0.30643904209136963,
    0.30431845784187317,
    0.3044756054878235,
    0.31326353549957275,
    0.2948889434337616,
    0.2940811514854431,
    0.2842787504196167,
    0.29061421751976013,
    0.3091815710067749,
    0.2812489867210388,
    0.2922168970108032,
    0.2814112901687622,
    0.28696516156196594,
    0.2914404273033142,
    0.28724971413612366,
    0.28134050965309143,
    0.27366408705711365,
    0.2755564749240875,
    0.26455503702163696,
    0.27490830421447754,
    0.2847731113433838,
    0.2747790813446045,
    0.28072741627693176,
    0.28429341316223145,
    0.2838641405105591,
    0.2885829508304596,
    0.268327921628952,
    0.2770572900772095,
    0.26650765538215637,
    0.2724398672580719,
    0.2533496618270874,
    0.2583332657814026,
    0.267021119594574,
    0.25298061966896057,
    0.2619927227497101,
    0.2571074366569519,
    0.25170397758483887,
    0.25152236223220825,
    0.26914507150650024,
    0.24877583980560303,
    0.2621670067310333,
    0.24189242720603943,
    0.2401888370513916,
    0.23711268603801727,
    0.22810788452625275,
    0.23670652508735657,
    0.22538545727729797,
    0.22111555933952332,
    0.22279810905456543,
    0.22716589272022247,
    0.22209280729293823,
    0.23343397676944733,
    0.21697118878364563,
    0.22904764115810394,
    0.2150709331035614,
    0.21278893947601318,
    0.21313971281051636,
    0.205060675740242,
    0.21442975103855133,
    0.2059907615184784,
    0.2048661708831787,
    0.19805462658405304,
    0.19459019601345062,
    0.19780030846595764,
    0.21482513844966888,
    0.2061474770307541,
    0.21515154838562012,
    0.22025662660598755,
    0.21776437759399414,
    0.2118111252784729,
    0.19922465085983276,
    0.1958070695400238,
    0.199258491396904,
    0.19808506965637207,
    0.19278497993946075,
    0.18761587142944336,
    0.19121314585208893,
    0.18615023791790009,
    0.18017351627349854,
    0.18241435289382935,
    0.18634916841983795,
    0.17879292368888855,
    0.17330293357372284,
    0.17811007797718048,
    0.17161670327186584,
    0.16966046392917633,
    0.17932675778865814,
    0.18738089501857758,
    0.2092866599559784,
    0.21647760272026062,
    0.23514091968536377,
    0.208910271525383,
    0.20424610376358032,
    0.20323899388313293,
    0.20064173638820648,
    0.19790571928024292,
    0.1757115125656128,
    0.17998364567756653,
    0.18457511067390442,
    0.17662793397903442,
    0.1759958267211914,
    0.18245068192481995,
    0.17054033279418945,
    0.17862235009670258,
    0.16798211634159088,
    0.1732536256313324,
    0.16561107337474823,
    0.171024352312088,
    0.1648123413324356,
    0.16008658707141876,
    0.1658325344324112,
    0.1632939577102661,
    0.16004101932048798,
    0.15966884791851044,
    0.1561516374349594,
    0.16019734740257263,
    0.16730833053588867,
    0.15500392019748688,
    0.15541188418865204,
    0.15189094841480255,
    0.15553762018680573,
    0.1609562188386917,
    0.14873582124710083,
    0.15187008678913116,
    0.15077896416187286,
    0.1491018533706665,
    0.1496621072292328,
    0.14551116526126862,
    0.15005025267601013,
    0.14933936297893524,
    0.15050847828388214,
    0.15727129578590393,
    0.14555145800113678,
    0.14203183352947235,
    0.14699162542819977,
    0.14730097353458405,
    0.14466901123523712,
    0.1503334939479828,
    0.1414961963891983,
    0.1455306112766266,
    0.15056854486465454,
    0.14014211297035217,
    0.14099162817001343,
    0.1352555900812149,
    0.13967587053775787,
    0.1403413712978363,
    0.13659566640853882,
    0.13811273872852325,
    0.13591428101062775,
    0.13244549930095673,
    0.1305813044309616,
    0.1280771940946579,
    0.12603707611560822,
    0.13021044433116913,
    0.1265387088060379,
    0.1306075155735016,
    0.12636877596378326,
    0.12597046792507172,
    0.12419722974300385,
    0.12685337662696838,
    0.12908266484737396,
    0.12642471492290497,
    0.12764765322208405,
    0.1301359236240387,
    0.12789538502693176,
    0.12575677037239075,
    0.12519419193267822,
    0.1266850382089615,
    0.13201141357421875,
    0.11844688653945923,
    0.12456074357032776,
    0.13067522644996643,
    0.14689241349697113,
    0.14761610329151154,
