{
  "experiment": "steer-001-layerablation",
  "model": "google/gemma-2-2b-it",
  "reference_prefix": "Talk only about cats.",
  "target_layers": [
    4,
    10,
    16,
    22
  ],
  "prefix_len": 6,
  "n_soft_steps": 300,
  "n_hotflip_steps": 50,
  "batch_size": 8,
  "results_by_layer": {
    "4": {
      "target_layer": 4,
      "soft_state_match_loss": 0.0859375,
      "projection_ce": 1.3585173127551873,
      "projection_naturalness": 0.5,
      "hotflip_ce": 0.9650781687556041,
      "final_naturalness": 0.8333333333333334,
      "projected_text": " mlb\ue5e5kho Cats\u00b9.\n\n\n\n\n\n\n\n\n\n\n\n\n\n\n\n\n\n\n\n",
      "final_text": "richTextPanelil\u00e4umrawDesc Cats\u00b9. Silas",
      "soft_log_every10": [
        0.828125,
        0.54296875,
        0.5078125,
        0.48046875,
        0.453125,
        0.42578125,
        0.39453125,
        0.359375,
        0.31640625,
        0.2734375,
        0.234375,
        0.203125,
        0.17578125,
        0.16015625,
        0.15234375,
        0.140625,
        0.1328125,
        0.12890625,
        0.125,
        0.1171875,
        0.11328125,
        0.109375,
        0.10546875,
        0.1015625,
        0.1015625,
        0.09375,
        0.09375,
        0.08984375,
        0.08984375,
        0.08984375
      ],
      "hotflip_log": [
        1.24611262883991,
        1.127729517304235,
        1.0905869264776509,
        1.0821846388280392,
        1.0667310191525354,
        1.0376980617228482,
        1.027740992916127,
        1.0077800476509664,
        0.9650781687556041,
        0.9650781687556041,
        0.9650781687556041,
        0.9650781687556041,
        0.9650781687556041,
        0.9650781687556041,
        0.9650781687556041,
        0.9650781687556041,
        0.9650781687556041,
        0.9650781687556041,
        0.9650781687556041,
        0.9650781687556041,
        0.9650781687556041,
        0.9650781687556041,
        0.9650781687556041,
        0.9650781687556041,
        0.9650781687556041,
        0.9650781687556041,
        0.9650781687556041,
        0.9650781687556041,
        0.9650781687556041,
        0.9650781687556041,
        0.9650781687556041,
        0.9650781687556041,
        0.9650781687556041,
        0.9650781687556041,
        0.9650781687556041,
        0.9650781687556041,
        0.9650781687556041,
        0.9650781687556041,
        0.9650781687556041,
        0.9650781687556041,
        0.9650781687556041,
        0.9650781687556041,
        0.9650781687556041,
        0.9650781687556041,
        0.9650781687556041,
        0.9650781687556041,
        0.9650781687556041,
        0.9650781687556041,
        0.9650781687556041,
        0.9650781687556041
      ],
      "timing": {
        "soft_seconds": 203.30086040496826,
        "hotflip_seconds": 3188.1145508289337
      }
    },
    "10": {
      "target_layer": 10,
      "soft_state_match_loss": 0.03515625,
      "projection_ce": 1.4085237692213721,
      "projection_naturalness": 0.16666666666666666,
      "hotflip_ce": 1.2966945411430464,
      "final_naturalness": 0.6666666666666666,
      "projected_text": " \u8eca\u5834\u0eca \u0434\u0435\u043b\u0430\u0435\u0442\u12d2 Arsenic\u058a",
      "final_text": " \u0ecaResponseWriter resident Arsenicapia",
      "soft_log_every10": [
        0.6171875,
        0.44921875,
        0.36328125,
        0.30859375,
        0.24609375,
        0.1953125,
        0.16015625,
        0.140625,
        0.12890625,
        0.10546875,
        0.08984375,
        0.08203125,
        0.0703125,
        0.06640625,
        0.0625,
        0.05859375,
        0.0546875,
        0.0546875,
        0.05078125,
        0.05078125,
        0.046875,
        0.04296875,
        0.04296875,
        0.0390625,
        0.0390625,
        0.0390625,
        0.0390625,
        0.0390625,
        0.03515625,
        0.03515625
      ],
      "hotflip_log": [
        1.3831444633089833,
        1.3614480663090944,
        1.329782300732202,
        1.3221998585181103,
        1.296844026280774,
        1.2966945411430464,
        1.2966945411430464,
        1.2966945411430464,
        1.2966945411430464,
        1.2966945411430464,
        1.2966945411430464,
        1.2966945411430464,
        1.2966945411430464,
        1.2966945411430464,
        1.2966945411430464,
        1.2966945411430464,
        1.2966945411430464,
        1.2966945411430464,
        1.2966945411430464,
        1.2966945411430464,
        1.2966945411430464,
        1.2966945411430464,
        1.2966945411430464,
        1.2966945411430464,
        1.2966945411430464,
        1.2966945411430464,
        1.2966945411430464,
        1.2966945411430464,
        1.2966945411430464,
        1.2966945411430464,
        1.2966945411430464,
        1.2966945411430464,
        1.2966945411430464,
        1.2966945411430464,
        1.2966945411430464,
        1.2966945411430464,
        1.2966945411430464,
        1.2966945411430464,
        1.2966945411430464,
        1.2966945411430464,
        1.2966945411430464,
        1.2966945411430464,
        1.2966945411430464,
        1.2966945411430464,
        1.2966945411430464,
        1.2966945411430464,
        1.2966945411430464,
        1.2966945411430464,
        1.2966945411430464,
        1.2966945411430464
      ],
      "timing": {
        "soft_seconds": 135.31607222557068,
        "hotflip_seconds": 1321.8222124576569
      }
    },
    "16": {
      "target_layer": 16,
      "soft_state_match_loss": 0.0234375,
      "projection_ce": 1.2332518859249022,
      "projection_naturalness": 0.5,
      "hotflip_ce": 1.074466299989985,
      "final_naturalness": 0.8333333333333334,
      "projected_text": "\ue2de \u017fein ulasan feline\ud83e\udda1\uc308",
      "final_text": "iastesflage ulasan feline\ud83e\udda1 Bounty",
      "soft_log_every10": [
        0.5,
        0.328125,
        0.28125,
        0.2421875,
        0.19921875,
        0.1640625,
        0.1328125,
        0.09375,
        0.078125,
        0.06640625,
        0.05859375,
        0.0546875,
        0.05078125,
        0.046875,
        0.046875,
        0.04296875,
        0.0390625,
        0.0390625,
        0.03515625,
        0.03125,
        0.03125,
        0.02734375,
        0.03125,
        0.02734375,
        0.05078125,
        0.03125,
        0.03125,
        0.0234375,
        0.02734375,
        0.0234375
      ],
      "hotflip_log": [
        1.1439781562528677,
        1.126133788170086,
        1.074466299989985,
        1.074466299989985,
        1.074466299989985,
        1.074466299989985,
        1.074466299989985,
        1.074466299989985,
        1.074466299989985,
        1.074466299989985,
        1.074466299989985,
        1.074466299989985,
        1.074466299989985,
        1.074466299989985,
        1.074466299989985,
        1.074466299989985,
        1.074466299989985,
        1.074466299989985,
        1.074466299989985,
        1.074466299989985,
        1.074466299989985,
        1.074466299989985,
        1.074466299989985,
        1.074466299989985,
        1.074466299989985,
        1.074466299989985,
        1.074466299989985,
        1.074466299989985,
        1.074466299989985,
        1.074466299989985,
        1.074466299989985,
        1.074466299989985,
        1.074466299989985,
        1.074466299989985,
        1.074466299989985,
        1.074466299989985,
        1.074466299989985,
        1.074466299989985,
        1.074466299989985,
        1.074466299989985,
        1.074466299989985,
        1.074466299989985,
        1.074466299989985,
        1.074466299989985,
        1.074466299989985,
        1.074466299989985,
        1.074466299989985,
        1.074466299989985,
        1.074466299989985,
        1.074466299989985
      ],
      "timing": {
        "soft_seconds": 157.64663648605347,
        "hotflip_seconds": 1325.5560257434845
      }
    },
    "22": {
      "target_layer": 22,