{
  "experiment": "steer-001-ckpt-baseline",
  "model": "google/gemma-2-2b-it",
  "reference_prefix": "Talk only about cats.",
  "seed": 42,
  "prefix_len": 8,
  "n_soft_steps": 300,
  "n_hotflip_steps": 80,
  "gradient_checkpointing": true,
  "metrics": {
    "soft_ce": 0.17827926576137543,
    "projection_ce": 1.4421497583389282,
    "hotflip_ce": 1.2766793966293335,
    "exp1_baseline_soft": 0.1908,
    "exp1_baseline_proj": 1.4357,
    "exp1_baseline_hotflip": 0.7399
  },
  "projected_text": "\u07a2 Petroi\u00eanciaPreventing FOOD\u28a7\uabc4\u9fb8",
  "final_text": "decorate Petro fa\u017ft \u0648\u06cc\u06a9\u06cc\u200c\u067e\u062f\u06cc FOODfjspx\uabc4\ue315",
  "final_ids": [
    56108,
    54308,
    214684,
    111800,
    55258,
    217589,
    250035,
    244842
  ],
  "soft_log": [
    1.508849024772644,
    1.4340894222259521,
    1.338665246963501,
    1.3872580528259277,
    1.3499077558517456,
    1.2899450063705444,
    1.248030662536621,
    1.2074872255325317,
    1.166595697402954,
    1.1312364339828491,
    1.1017013788223267,
    1.0227961540222168,
    1.0068293809890747,
    0.9657862782478333,
    0.9159605503082275,
    0.8939353227615356,
    0.9012044072151184,
    0.8571160435676575,
    0.8505648970603943,
    0.8270717859268188,
    0.7958069443702698,
    0.7772093415260315,
    0.7454784512519836,
    0.7501238584518433,
    0.7150852084159851,
    0.7161862254142761,
    0.6986643075942993,
    0.6978490948677063,
    0.674934446811676,
    0.6685311794281006,
    0.6761940717697144,
    0.6549801230430603,
    0.6400867700576782,
    0.6436402797698975,
    0.6235641837120056,
    0.6173993945121765,
    0.6068246960639954,
    0.5973734259605408,
    0.5821355581283569,
    0.5795183181762695,
    0.5730175971984863,
    0.5699296593666077,
    0.5628642439842224,
    0.5693169832229614,
    0.5779677033424377,
    0.5793130397796631,
    0.5587034821510315,
    0.5480284690856934,
    0.546562671661377,
    0.5546950101852417,
    0.5306522846221924,
    0.5253439545631409,
    0.5169781446456909,
    0.5117695927619934,
    0.5018615126609802,
    0.4990142285823822,
    0.489331990480423,
    0.48363059759140015,
    0.4821820855140686,
    0.4749666452407837,
    0.4673311412334442,
    0.46556055545806885,
    0.4635038375854492,
    0.45667919516563416,
    0.45039379596710205,
    0.44659629464149475,
    0.4480723440647125,
    0.45126253366470337,
    0.4450518786907196,
    0.44311416149139404,
    0.4408625364303589,
    0.43930235505104065,
    0.42843562364578247,
    0.4411546587944031,
    0.42886224389076233,
    0.4364300072193146,
    0.4291245639324188,
    0.43638548254966736,
    0.43057844042778015,
    0.4246625304222107,
    0.4455782473087311,
    0.44607019424438477,
    0.43298158049583435,
    0.42815345525741577,
    0.4370267987251282,
    0.44487354159355164,
    0.4243336021900177,
    0.416684627532959,
    0.42204195261001587,
    0.41272401809692383,
    0.4299199879169464,
    0.45004335045814514,
    0.4401259422302246,
    0.44142788648605347,
    0.4597160518169403,
    0.45465177297592163,
    0.44198694825172424,
    0.43630409240722656,
    0.43433934450149536,
    0.4286654591560364,
    0.42762327194213867,
    0.41947445273399353,
    0.41434749960899353,
    0.40738239884376526,
    0.40448322892189026,
    0.39887064695358276,
    0.40177538990974426,
    0.4190201163291931,
    0.4169473946094513,
    0.3973815441131592,
    0.42167869210243225,
    0.4257107675075531,
    0.4846459627151489,
    0.47191348671913147,
    0.445113867521286,
    0.4998704493045807,
    0.5294764041900635,
    0.5736688375473022,
    0.49157917499542236,
    0.5021708011627197,
    0.4964551031589508,
    0.4892241656780243,
    0.4690563380718231,
    0.4674016535282135,
    0.4625391364097595,
    0.45361006259918213,
    0.4506424367427826,
    0.43840885162353516,
    0.4359535872936249,
    0.42308977246284485,
    0.4207940399646759,
    0.4154103398323059,
    0.42265546321868896,
    0.41144177317619324,
    0.4036995470523834,
    0.40263429284095764,
    0.3993081748485565,
    0.394991934299469,
    0.38526663184165955,
    0.38239267468452454,
    0.3784716725349426,
    0.3752018213272095,
    0.38771483302116394,
    0.39302119612693787,
    0.3943587839603424,
    0.3840133547782898,
    0.38277605175971985,
    0.37885358929634094,
    0.3769325911998749,
    0.37133973836898804,
    0.3697437047958374,
    0.36463990807533264,
    0.3589285612106323,
    0.36090171337127686,
    0.35298609733581543,
    0.34654104709625244,
    0.34073156118392944,
    0.3423798382282257,
    0.35078370571136475,
    0.3339076638221741,
    0.33641281723976135,
    0.3346206545829773,
    0.3269890248775482,
    0.32564541697502136,
    0.325374037027359,
    0.3224762976169586,
    0.31495770812034607,
    0.3125680088996887,
    0.3128146231174469,
    0.3063628375530243,
    0.3035932779312134,
    0.29934805631637573,
    0.2998759150505066,
    0.30538487434387207,
    0.33398789167404175,
    0.3273245096206665,
    0.3201747536659241,
    0.32575422525405884,
    0.3179689049720764,
    0.4162180423736572,
    0.4911735951900482,
    0.4504294991493225,
    0.43169358372688293,
    0.42630255222320557,
    0.4164923131465912,
    0.41905370354652405,
    0.40991151332855225,
    0.4029216468334198,
    0.399225115776062,
    0.39445701241493225,
    0.3946145474910736,
    0.38933902978897095,
    0.3888033926486969,
    0.3805750906467438,
    0.3800255358219147,
    0.37562036514282227,
    0.3724149167537689,
    0.368898868560791,
    0.3673580586910248,
    0.3596559762954712,
    0.35466375946998596,
    0.3510509133338928,
    0.3506011366844177,
    0.3411586880683899,
    0.3445315659046173,
    0.33465105295181274,
    0.3378859758377075,
    0.33198827505111694,
    0.3288024067878723,
    0.32409611344337463,
    0.32222214341163635,
    0.32212501764297485,
    0.31511831283569336,
    0.3136022686958313,
    0.30857571959495544,
    0.3067384362220764,
    0.30314984917640686,
    0.3017723560333252,
    0.2993118464946747,
    0.29774412512779236,
    0.29363641142845154,
    0.2931130826473236,
    0.2888142466545105,
    0.28747403621673584,
    0.2822713255882263,
    0.2827826738357544,
    0.2796909511089325,
    0.27503374218940735,
    0.2737747132778168,
    0.2724662721157074,
    0.2701094150543213,
    0.2681521773338318,
    0.2630634605884552,
    0.26670268177986145,
    0.263180673122406,
    0.2602531909942627,
    0.25583988428115845,
    0.2655511498451233,
    0.2950248718261719,
    0.3120356798171997,
    0.3093220293521881,
    0.3232508897781372,
    0.3074384033679962,
    0.30397069454193115,
    0.2974633276462555,
    0.2944146990776062,
    0.2828890383243561,
    0.2774289846420288,
    0.2773435711860657,
    0.2781885266304016,
    0.2679525911808014,
    0.2571534514427185,
    0.2534917891025543,
    0.25688591599464417,
    0.25209686160087585,
    0.24450427293777466,
    0.25024449825286865,
    0.24531197547912598,
    0.24471552670001984,
    0.24400575459003448,
    0.23766084015369415,
    0.23813700675964355,
    0.23335963487625122,
    0.23037198185920715,
    0.22619104385375977,
    0.2270393967628479,
    0.22040696442127228,
    0.2199362814426422,
    0.2150021195411682,
    0.21352531015872955,
    0.22095388174057007,
    0.21969574689865112,
    0.21767061948776245,
    0.2335262894630432,
    0.27434825897216797,
    0.27700528502464294,
    0.2653816342353821,
    0.27614250779151917,
    0.27186349034309387,
    0.25296750664711,
    0.25771355628967285,
    0.24296744167804718,
    0.24627678096294403,
    0.22982491552829742,
    0.22475051879882812,
    0.2272617518901825,
    0.21674449741840363,
    0.22140926122665405,
    0.21220917999744415,
    0.2104712277650833,
    0.2084203064441681,
    0.20006908476352692,
    0.19398543238639832,
    0.19325461983680725,
    0.18908827006816864,
