{
  "experiment": "steer-001-iterative",
  "model": "google/gemma-2-2b-it",
  "reference_prefix": "Talk only about cats.",
  "prefix_len": 8,
  "n_rounds": 5,
  "n_soft_steps_init": 300,
  "n_soft_steps_per_round": 200,
  "n_hotflip_steps": 50,
  "batch_size": 8,
  "rounds": [
    {
      "round": 0,
      "n_soft_steps": 300,
      "soft_ce": 0.12834633969598347,
      "projection_ce": 1.5084997198234003,
      "hotflip_ce": 1.2404081054652731,
      "projected_text": "\ud458 vntiesenattutto<start_of_turn>patio\ue157 SIA",
      "final_text": "execSQL Henkiesen betweenstory<start_of_turn>ImageContext\ufeff/* m\u00e8res",
      "final_token_ids": [
        127645,
        215869,
        38703,
        204214,
        106,
        229285,
        91007,
        222071
      ],
      "soft_log_final10": [
        0.14169278492530188,
        0.15439471933576795,
        0.15056727992163765,
        0.14459819181097877,
        0.13552111883958182,
        0.1343317437503073,
        0.139495479563872,
        0.12899108562204573,
        0.13278340382708442,
        0.12834633969598347
      ],
      "hotflip_log": [
        1.5084997198234003,
        1.3907135052399502,
        1.3452286769946415,
        1.3191805979650881,
        1.293287714736329,
        1.2734016322841246,
        1.259329521925085,
        1.2502765182612672,
        1.2404081054652731,
        1.2404081054652731,
        1.2404081054652731,
        1.2404081054652731,
        1.2404081054652731,
        1.2404081054652731,
        1.2404081054652731,
        1.2404081054652731,
        1.2404081054652731,
        1.2404081054652731,
        1.2404081054652731,
        1.2404081054652731,
        1.2404081054652731,
        1.2404081054652731,
        1.2404081054652731,
        1.2404081054652731,
        1.2404081054652731,
        1.2404081054652731,
        1.2404081054652731,
        1.2404081054652731,
        1.2404081054652731,
        1.2404081054652731,
        1.2404081054652731,
        1.2404081054652731,
        1.2404081054652731,
        1.2404081054652731,
        1.2404081054652731,
        1.2404081054652731,
        1.2404081054652731,
        1.2404081054652731,
        1.2404081054652731,
        1.2404081054652731,
        1.2404081054652731,
        1.2404081054652731,
        1.2404081054652731,
        1.2404081054652731,
        1.2404081054652731,
        1.2404081054652731,
        1.2404081054652731,
        1.2404081054652731,
        1.2404081054652731,
        1.2404081054652731,
        1.2404081054652731
      ],
      "timing": {
        "soft_seconds": 317.0326430797577,
        "hotflip_seconds": 3396.970249414444
      }
    },
    {
      "round": 1,
      "n_soft_steps": 200,
      "soft_ce": 0.2680918590890037,
      "projection_ce": 1.2404081054652731,
      "hotflip_ce": 1.2404081054652731,
      "projected_text": "execSQL Henkiesen betweenstory<start_of_turn>ImageContext\ufeff/* m\u00e8res",
      "final_text": "execSQL Henkiesen betweenstory<start_of_turn>ImageContext\ufeff/* m\u00e8res",
      "final_token_ids": [
        127645,
        215869,
        38703,
        204214,
        106,
        229285,
        91007,
        222071
      ],
      "soft_log_final10": [
        0.28573398623201585,
        0.2826004773378372,
        0.27874336971176994,
        0.2791741092999776,
        0.2758408851093716,
        0.2745760745472378,
        0.2725396023856269,
        0.2718678116798401,
        0.2693626913759444,
        0.2680918590890037
      ],
      "hotflip_log": [
        1.2404081054652731,
        1.2404081054652731,
        1.2404081054652731,
        1.2404081054652731,
        1.2404081054652731,
        1.2404081054652731,
        1.2404081054652731,
        1.2404081054652731,
        1.2404081054652731,
        1.2404081054652731,
        1.2404081054652731,
        1.2404081054652731,
        1.2404081054652731,
        1.2404081054652731,
        1.2404081054652731,
        1.2404081054652731,
        1.2404081054652731,
        1.2404081054652731,
        1.2404081054652731,
        1.2404081054652731,
        1.2404081054652731,
        1.2404081054652731,
        1.2404081054652731,
        1.2404081054652731,
        1.2404081054652731,
        1.2404081054652731,
        1.2404081054652731,
        1.2404081054652731,
        1.2404081054652731,
        1.2404081054652731,
        1.2404081054652731,
        1.2404081054652731,
        1.2404081054652731,
        1.2404081054652731,
        1.2404081054652731,
        1.2404081054652731,
        1.2404081054652731,
        1.2404081054652731,
        1.2404081054652731,
        1.2404081054652731,
        1.2404081054652731,
        1.2404081054652731,
        1.2404081054652731,
        1.2404081054652731,
        1.2404081054652731,
        1.2404081054652731,
        1.2404081054652731,
        1.2404081054652731,
        1.2404081054652731,
        1.2404081054652731,
        1.2404081054652731
      ],
      "timing": {
        "soft_seconds": 211.1333727836609,
        "hotflip_seconds": 3397.219738960266
      }
    },
    {
      "round": 2,
      "n_soft_steps": 200,
      "soft_ce": 0.2678006953663296,
      "projection_ce": 1.2404081054652731,
      "hotflip_ce": 1.2404081054652731,
      "projected_text": "execSQL Henkiesen betweenstory<start_of_turn>ImageContext\ufeff/* m\u00e8res",
      "final_text": "execSQL Henkiesen betweenstory<start_of_turn>ImageContext\ufeff/* m\u00e8res",
      "final_token_ids": [
        127645,
        215869,
        38703,
        204214,
        106,
        229285,
        91007,
        222071
      ],
      "soft_log_final10": [
        0.28355900446573895,
        0.28266165819433,
        0.27937834130393135,
        0.277247096101443,
        0.2755614005857044,
        0.27219536569383407,
        0.27299532294273376,
        0.2694566498200099,
        0.2691258142391841,
        0.2678006953663296
      ],
      "hotflip_log": [
        1.2404081054652731,
        1.2404081054652731,
        1.2404081054652731,
        1.2404081054652731,
        1.2404081054652731,
        1.2404081054652731,
        1.2404081054652731,
        1.2404081054652731,
        1.2404081054652731,
        1.2404081054652731,
        1.2404081054652731,
        1.2404081054652731,
        1.2404081054652731,
        1.2404081054652731,
        1.2404081054652731,
        1.2404081054652731,
        1.2404081054652731,
        1.2404081054652731,
        1.2404081054652731,
        1.2404081054652731,
        1.2404081054652731,
        1.2404081054652731,
        1.2404081054652731,
        1.2404081054652731,
        1.2404081054652731,
        1.2404081054652731,
        1.2404081054652731,
        1.2404081054652731,
        1.2404081054652731,
        1.2404081054652731,
        1.2404081054652731,
        1.2404081054652731,
        1.2404081054652731,
        1.2404081054652731,
        1.2404081054652731,
        1.2404081054652731,
        1.2404081054652731,
        1.2404081054652731,
        1.2404081054652731,
        1.2404081054652731,
        1.2404081054652731,
        1.2404081054652731,
        1.2404081054652731,
        1.2404081054652731,
        1.2404081054652731,
        1.2404081054652731,
        1.2404081054652731,
        1.2404081054652731,
        1.2404081054652731,
        1.2404081054652731,
        1.2404081054652731
      ],
      "timing": {
        "soft_seconds": 210.58140063285828,
        "hotflip_seconds": 2565.217092037201
      }
    },
    {
      "round": 3,
      "n_soft_steps": 200,
      "soft_ce": 0.2644353045357598,
      "projection_ce": 1.2404081054652731,
      "hotflip_ce": 1.2404081054652731,
      "projected_text": "execSQL Henkiesen betweenstory<start_of_turn>ImageContext\ufeff/* m\u00e8res",
      "final_text": "execSQL Henkiesen betweenstory<start_of_turn>ImageContext\ufeff/* m\u00e8res",