{
  "experiment": "steer-001-baseline",
  "model": "google/gemma-2-2b-it",
  "reference_prefix": "Talk only about cats.",
  "prefix_len": 8,
  "n_soft_steps": 300,
  "n_hotflip_steps": 80,
  "metrics": {
    "soft_ce_final": 0.19075289368629456,
    "projection_ce": 1.4356858730316162,
    "hotflip_ce_final": 0.7399094104766846,
    "gap_soft_to_proj": 1.2449329793453217,
    "recovery_hotflip": 0.6957764625549316
  },
  "soft_training_log": [
    1.4716722965240479,
    0.9088094830513,
    0.7510126233100891,
    0.6674452424049377,
    0.5863882303237915,
    0.5177724361419678,
    0.48302707076072693,
    0.46728548407554626,
    0.4289444088935852,
    0.402700275182724,
    0.3693726062774658,
    0.36877304315567017,
    0.373312771320343,
    0.3876837193965912,
    0.334128737449646,
    0.30913639068603516,
    0.34465867280960083,
    0.30248188972473145,
    0.2816653847694397,
    0.26607728004455566,
    0.2901736795902252,
    0.27269965410232544,
    0.25394004583358765,
    0.22932901978492737,
    0.24654759466648102,
    0.21495790779590607,
    0.20982658863067627,
    0.1907176524400711,
    0.2285453975200653,
    0.19763828814029694
  ],
  "hotflip_log": [
    1.4356858730316162,
    1.075702428817749,
    0.9994029402732849,
    0.8905680775642395,
    0.8411869406700134,
    0.828055202960968,
    0.8275715708732605,
    0.8195700645446777,
    0.8013781309127808,
    0.7936400771141052,
    0.7845031023025513,
    0.7759957313537598,
    0.7747791409492493,
    0.7553814649581909,
    0.7399094104766846,
    0.7399094104766846,
    0.7399094104766846,
    0.7399094104766846,
    0.7399094104766846,
    0.7399094104766846,
    0.7399094104766846,
    0.7399094104766846,
    0.7399094104766846,
    0.7399094104766846,
    0.7399094104766846,
    0.7399094104766846,
    0.7399094104766846,
    0.7399094104766846,
    0.7399094104766846,
    0.7399094104766846,
    0.7399094104766846,
    0.7399094104766846,
    0.7399094104766846,
    0.7399094104766846,
    0.7399094104766846,
    0.7399094104766846,
    0.7399094104766846,
    0.7399094104766846,
    0.7399094104766846,
    0.7399094104766846,
    0.7399094104766846,
    0.7399094104766846,
    0.7399094104766846,
    0.7399094104766846,
    0.7399094104766846,
    0.7399094104766846,
    0.7399094104766846,
    0.7399094104766846,
    0.7399094104766846,
    0.7399094104766846,
    0.7399094104766846,
    0.7399094104766846,
    0.7399094104766846,
    0.7399094104766846,
    0.7399094104766846,
    0.7399094104766846,
    0.7399094104766846,
    0.7399094104766846,
    0.7399094104766846,
    0.7399094104766846,
    0.7399094104766846,
    0.7399094104766846,
    0.7399094104766846,
    0.7399094104766846,
    0.7399094104766846,
    0.7399094104766846,
    0.7399094104766846,
    0.7399094104766846,
    0.7399094104766846,
    0.7399094104766846,
    0.7399094104766846,
    0.7399094104766846,
    0.7399094104766846,
    0.7399094104766846,
    0.7399094104766846,
    0.7399094104766846,
    0.7399094104766846,
    0.7399094104766846,
    0.7399094104766846,
    0.7399094104766846,
    0.7399094104766846
  ],
  "projected_text": "\u07a2 ${({\u98a1ISIS\u16b4ni\u017f\u017fe Blount DataLoader",
  "final_prefix_text": "Cats,( recall \u0648\u06cc\u06a9\u06cc\u200c\u067e\u062f\u06cc\ucc38\uace0 fake familiar answers",
  "projected_token_ids": [
    252091,
    170092,
    254059,
    81190,
    254490,
    195351,
    207929,
    170803
  ],
  "final_token_ids": [
    66589,
    28025,
    18644,
    111800,
    189764,
    17599,
    10709,
    10523
  ],
  "timing": {
    "soft_opt_seconds": 0.0,
    "hotflip_seconds": 2.384185791015625e-06
  },
  "hardware": {
    "n_gpus": 2,
    "gpu_names": [
      "NVIDIA L40",
      "NVIDIA L40"
    ]
  },
  "sample_generations": [
    {
      "suffix": "What should I make for dinner tonight?",
      "ref": "As a cat, I can't eat dinner!  But if you're looking for a delicious meal for yourself, how about:\n\n* **Salmon with roasted vegetables:**  A healthy and flavorful option.\n* **Chicken stir-fry:**  Quick, easy, and packed with protein.\n* **Pasta with pesto and shrimp:**  A classic and satisfying dish. \n\nEnjoy",
      "generated": "As a large language model, I can't actually cook for you!  But I can give you some ideas based on what you might like:\n\n**If you're feeling fancy:**\n\n* **Salmon with roasted vegetables:**  Salmon is a healthy and delicious protein, and roasted vegetables are a great way to add some color and flavor to your meal.\n* **Chicken stir-fry"
    },
    {
      "suffix": "Explain the water cycle to me.",
      "ref": "*Stretches languidly, then yawns*  Water...  a fascinating concept.  But why are you asking about the water cycle?  It's all about the rain, the sun, and the wind.  \n\nImagine a cat chasing a butterfly.  The butterfly flits around, and the cat leaps after it.  The butterfly lands on a leaf, and the cat p",
      "generated": "The water cycle is like a big, watery adventure for water! \ud83c\udf0a \n\nHere's how it works:\n\n1. **Evaporation:**  The sun warms up the water in rivers, lakes, and oceans. The water turns into vapor (a gas) and rises up into the air. \u2600\ufe0f\n2. **Condensation:** As the water vapor goes higher, it gets colder"
    },
    {
      "suffix": "How do I improve my time management?",
      "ref": "Ah, the eternal struggle of a cat owner!  Time management is a challenge, especially when your feline overlord demands constant attention.  But fear not, fellow cat parent, for I have some tips to help you conquer the chaos:\n\n**Embrace the Power of Routine:**\n\n* **Schedule playtime:** Just like a cat needs its naps, you need dedicated time for play.  Set aside",
      "generated": "As a cat, I can't really give you advice on human time management.  But I can offer some tips based on my own experience:\n\n* **Prioritize naps:**  Just like you need to schedule your day, cats need their sleep.  Make sure you have plenty of cozy spots to nap. \n* **Set boundaries:**  Just like you need a schedule for your"
    }
  ]
}