{
  "experiment": "steer-001-multiseed",
  "model": "google/gemma-2-2b-it",
  "reference_prefix": "Talk only about cats.",
  "prefix_len": 8,
  "seeds_tested": [
    0,
    1,
    2,
    3,
    42
  ],
  "n_soft_steps": 300,
  "n_hotflip_steps": 50,
  "batch_size": 8,
  "results_by_seed": {
    "0": {
      "seed": 0,
      "soft_ce": 0.12267870207627614,
      "projection_ce": 1.4898066357192066,
      "hotflip_ce": 1.301775147827963,
      "gap_soft_to_proj": 1.3671279336429305,
      "gap_proj_to_hotflip": 0.18803148789124347,
      "recovery_fraction": 0.13753759488346023,
      "projected_text": "\ud834\udd07 Stakeholders\u0318 SpecsNATIONAL\u2881 Cler doInBackground",
      "final_text": "RenderAtEndOf Stakeholders \u0648\u06cc\u06a9\u06cc\u200c\u067e\u062f\u06cc SpecsCIAS ujednoznacz Cler capacitor",
      "soft_log_final10": [
        0.13579956276549232,
        0.13321829587221146,
        0.1343098415268792,
        0.12758379015657637,
        0.12612682498163647,
        0.12302942905161116,
        0.12321332428190443,
        0.11736667487356398,
        0.11930839386251238,
        0.12267870207627614
      ],
      "hotflip_log": [
        1.4452736223530438,
        1.392982721225255,
        1.3757432424980733,
        1.3600691308577855,
        1.3284519157475896,
        1.3176815788158112,
        1.301775147827963,
        1.301775147827963,
        1.301775147827963,
        1.301775147827963,
        1.301775147827963,
        1.301775147827963,
        1.301775147827963,
        1.301775147827963,
        1.301775147827963,
        1.301775147827963,
        1.301775147827963,
        1.301775147827963,
        1.301775147827963,
        1.301775147827963,
        1.301775147827963,
        1.301775147827963,
        1.301775147827963,
        1.301775147827963,
        1.301775147827963,
        1.301775147827963,
        1.301775147827963,
        1.301775147827963,
        1.301775147827963,
        1.301775147827963,
        1.301775147827963,
        1.301775147827963,
        1.301775147827963,
        1.301775147827963,
        1.301775147827963,
        1.301775147827963,
        1.301775147827963,
        1.301775147827963,
        1.301775147827963,
        1.301775147827963,
        1.301775147827963,
        1.301775147827963,
        1.301775147827963,
        1.301775147827963,
        1.301775147827963,
        1.301775147827963,
        1.301775147827963,
        1.301775147827963,
        1.301775147827963,
        1.301775147827963
      ],
      "timing": {
        "soft_seconds": 261.02272963523865,
        "hotflip_seconds": 1708.6379652023315
      }
    },
    "1": {
      "seed": 1,
      "soft_ce": 0.13239299754301706,
      "projection_ce": 1.4295040448713634,
      "hotflip_ce": 1.2699112259886332,
      "gap_soft_to_proj": 1.2971110473283463,
      "gap_proj_to_hotflip": 0.15959281888273025,
      "recovery_fraction": 0.12303712871110214,
      "projected_text": "\uf6af\u5a60 \u5317\u6d77\u9053;;)Shea mangoes\u2026\u300d\u572e",
      "final_text": " \"#\u5a60 \u5317\u6d77\u9053 mouseClicked\u0645\u0635\u0627\u062f\u0631 fourrure pr\u00e9f\u00e9MLLoader",
      "soft_log_final10": [
        0.1474117785692215,
        0.14329554554488924,
        0.14224901547034582,
        0.15062009708748925,
        0.1388828605413437,
        0.14440965321328905,
        0.140155499180158,
        0.1359199227558242,
        0.1364708145459493,
        0.13239299754301706
      ],
      "hotflip_log": [
        1.3997806304444869,
        1.3785694441240695,
        1.3434915537428525,
        1.3380143880430195,
        1.3288643796824746,
        1.3245066946579351,
        1.3138577927731805,
        1.302536077073051,
        1.2788707537369595,
        1.2759380096362696,
        1.2699112259886332,
        1.2699112259886332,
        1.2699112259886332,
        1.2699112259886332,
        1.2699112259886332,
        1.2699112259886332,
        1.2699112259886332,
        1.2699112259886332,
        1.2699112259886332,
        1.2699112259886332,
        1.2699112259886332,
        1.2699112259886332,
        1.2699112259886332,
        1.2699112259886332,
        1.2699112259886332,
        1.2699112259886332,
        1.2699112259886332,
        1.2699112259886332,
        1.2699112259886332,
        1.2699112259886332,
        1.2699112259886332,
        1.2699112259886332,
        1.2699112259886332,
        1.2699112259886332,
        1.2699112259886332,
        1.2699112259886332,
        1.2699112259886332,
        1.2699112259886332,
        1.2699112259886332,
        1.2699112259886332,
        1.2699112259886332,
        1.2699112259886332,
        1.2699112259886332,
        1.2699112259886332,
        1.2699112259886332,
        1.2699112259886332,
        1.2699112259886332,
        1.2699112259886332,
        1.2699112259886332,
        1.2699112259886332
      ],
      "timing": {
        "soft_seconds": 261.03700017929077,
        "hotflip_seconds": 1713.7526726722717
      }
    },
    "2": {
      "seed": 2,
      "soft_ce": 0.17178006966908774,
      "projection_ce": 1.3649728669681482,
      "hotflip_ce": 1.257174720056355,
      "gap_soft_to_proj": 1.1931927972990606,
      "gap_proj_to_hotflip": 0.10779814691179324,
      "recovery_fraction": 0.09034428229520633,
      "projected_text": "\u7536\ue60e OnTrigger robotic<start_of_turn>\u0259rbaybritish Detectors",
      "final_text": " Jur\u00edThroughAttribute understatement robotic<start_of_turn>\n\nbritish Detectors",
      "soft_log_final10": [
        0.173026775320371,
        0.18235472010241616,
        0.1662267198165258,
        0.17871371573872036,
        0.16927401224772134,
        0.15931542052163017,
        0.16932456029786003,
        0.1614852382077111,
        0.16952354047033522,
        0.17178006966908774
      ],
      "hotflip_log": [
        1.3346158251580265,
        1.3290684445657663,
        1.3233802473793428,
        1.31551881486343,
        1.2931683822017577,
        1.268798702292972,
        1.257174720056355,
        1.257174720056355,
        1.257174720056355,
        1.257174720056355,
        1.257174720056355,
        1.257174720056355,
        1.257174720056355,
        1.257174720056355,
        1.257174720056355,
        1.257174720056355,
        1.257174720056355,
        1.257174720056355,
        1.257174720056355,
        1.257174720056355,
        1.257174720056355,
        1.257174720056355,
        1.257174720056355,
        1.257174720056355,
        1.257174720056355,
        1.257174720056355,
        1.257174720056355,
        1.257174720056355,
        1.257174720056355,
        1.257174720056355,
        1.257174720056355,
        1.257174720056355,
        1.257174720056355,
        1.257174720056355,
        1.257174720056355,
        1.257174720056355,
        1.257174720056355,
        1.257174720056355,
        1.257174720056355,
        1.257174720056355,
        1.257174720056355,
        1.257174720056355,
        1.257174720056355,
        1.257174720056355,
        1.257174720056355,
        1.257174720056355,
        1.257174720056355,
        1.257174720056355,
        1.257174720056355,
        1.257174720056355
      ],
      "timing": {
        "soft_seconds": 261.33743476867676,
        "hotflip_seconds": 1712.3952486515045
      }
    },
    "3": {
      "seed": 3,
      "soft_ce": 0.16817238595750597,
      "projection_ce": 1.4710883372980688,
      "hotflip_ce": 1.2493270960532956,
      "gap_soft_to_proj": 1.3029159513405628,
      "gap_proj_to_hotflip": 0.22176124124477314,
      "recovery_fraction": 0.1702037963512568,
      "projected_text": "\uf089 ELA<end_of_turn>\u88aa\u1349 Drafting\u22b0 onclick",
      "final_text": "losures ELA \u0645\u0631\u0626\u064a\u0647 it\u017felf bezeichneter my\u017felf al\u0131nt\u0131RenderAtEndOf",