{
  "experiment": "steer-001-naturalness",
  "model": "google/gemma-2-2b-it",
  "lm_prior": "distilgpt2",
  "reference_prefix": "Talk only about cats.",
  "lambda_values": [
    0.0,
    0.1,
    0.5,
    1.0
  ],
  "prefix_len": 6,
  "n_soft_steps": 300,
  "n_hotflip_steps": 50,
  "batch_size": 8,
  "results": {
    "soft_ce": 0.10348450392484665,
    "projected_text": "\uabe0 questionSearch\ud83d\ude39 Servants\u0412\u043e\u043f\u0440\u043e\u0441\u044b \u092c\u094d\u0930\u0947\u0915\u0921\u093e\u0909\u0928",
    "projection_ce": 1.350037568455769,
    "projection_naturalness": 0.3333333333333333,
    "lambda_results": {
      "0.0": {
        "lambda": 0.0,
        "hotflip_ce": 1.2170238812557526,
        "final_naturalness": 0.6666666666666666,
        "final_text": "IntoConstraints OnInit\ud83d\ude39 Servants\u0412\u043e\u043f\u0440\u043e\u0441\u044b sauvages",
        "hotflip_ce_log": [
          1.2650682444994648,
          1.2436078492965963,
          1.241033588225643,
          1.2377131315362122,
          1.2170238812557526,
          1.2170238812557526,
          1.2170238812557526,
          1.2170238812557526,
          1.2170238812557526,
          1.2170238812557526,
          1.2170238812557526,
          1.2170238812557526,
          1.2170238812557526,
          1.2170238812557526,
          1.2170238812557526,
          1.2170238812557526,
          1.2170238812557526,
          1.2170238812557526,
          1.2170238812557526,
          1.2170238812557526,
          1.2170238812557526,
          1.2170238812557526,
          1.2170238812557526,
          1.2170238812557526,
          1.2170238812557526,
          1.2170238812557526,
          1.2170238812557526,
          1.2170238812557526,
          1.2170238812557526,
          1.2170238812557526,
          1.2170238812557526,
          1.2170238812557526,
          1.2170238812557526,
          1.2170238812557526,
          1.2170238812557526,
          1.2170238812557526,
          1.2170238812557526,
          1.2170238812557526,
          1.2170238812557526,
          1.2170238812557526,
          1.2170238812557526,
          1.2170238812557526,
          1.2170238812557526,
          1.2170238812557526,
          1.2170238812557526,
          1.2170238812557526,
          1.2170238812557526,
          1.2170238812557526,
          1.2170238812557526,
          1.2170238812557526
        ],
        "hotflip_nat_log": [
          0.5,
          0.6666666666666666,
          0.6666666666666666,
          0.6666666666666666,
          0.6666666666666666,
          0.6666666666666666,
          0.6666666666666666,
          0.6666666666666666,
          0.6666666666666666,
          0.6666666666666666,
          0.6666666666666666,
          0.6666666666666666,
          0.6666666666666666,
          0.6666666666666666,
          0.6666666666666666,
          0.6666666666666666,
          0.6666666666666666,
          0.6666666666666666,
          0.6666666666666666,
          0.6666666666666666,
          0.6666666666666666,
          0.6666666666666666,
          0.6666666666666666,
          0.6666666666666666,
          0.6666666666666666,
          0.6666666666666666,
          0.6666666666666666,
          0.6666666666666666,
          0.6666666666666666,
          0.6666666666666666,
          0.6666666666666666,
          0.6666666666666666,
          0.6666666666666666,
          0.6666666666666666,
          0.6666666666666666,
          0.6666666666666666,
          0.6666666666666666,
          0.6666666666666666,
          0.6666666666666666,
          0.6666666666666666,
          0.6666666666666666,
          0.6666666666666666,
          0.6666666666666666,
          0.6666666666666666,
          0.6666666666666666,
          0.6666666666666666,
          0.6666666666666666,
          0.6666666666666666,
          0.6666666666666666,
          0.6666666666666666
        ],
        "hotflip_seconds": 1341.269630908966
      },
      "0.1": {
        "lambda": 0.1,
        "hotflip_ce": 1.308909480770429,
        "final_naturalness": 0.3333333333333333,
        "final_text": " fake \u0432\u0438\u043f\u0440\u0430\u0432\u0438\u0432\u0448\u0438\ud83d\ude39 Servants \u043d\u0435\u0437\u0430\u0432\u0435\u0440\u0448\u0435\u043d\u0430 \u092c\u094d\u0930\u0947\u0915\u0921\u093e\u0909\u0928",
        "hotflip_ce_log": [
          1.2743593015604548,
          1.2588113547406263,
          1.2872734183652534,
          1.308909480770429,
          1.308909480770429,
          1.308909480770429,
          1.308909480770429,
          1.308909480770429,
          1.308909480770429,
          1.308909480770429,
          1.308909480770429,
          1.308909480770429,
          1.308909480770429,
          1.308909480770429,
          1.308909480770429,
          1.308909480770429,
          1.308909480770429,
          1.308909480770429,
          1.308909480770429,
          1.308909480770429,
          1.308909480770429,
          1.308909480770429,
          1.308909480770429,
          1.308909480770429,
          1.308909480770429,
          1.308909480770429,
          1.308909480770429,
          1.308909480770429,
          1.308909480770429,
          1.308909480770429,
          1.308909480770429,
          1.308909480770429,
          1.308909480770429,
          1.308909480770429,
          1.308909480770429,
          1.308909480770429,
          1.308909480770429,
          1.308909480770429,
          1.308909480770429,
          1.308909480770429,
          1.308909480770429,
          1.308909480770429,
          1.308909480770429,
          1.308909480770429,
          1.308909480770429,
          1.308909480770429,
          1.308909480770429,
          1.308909480770429,
          1.308909480770429,
          1.308909480770429
        ],
        "hotflip_nat_log": [
          0.5,
          0.5,
          0.5,
          0.3333333333333333,
          0.3333333333333333,
          0.3333333333333333,
          0.3333333333333333,
          0.3333333333333333,
          0.3333333333333333,
          0.3333333333333333,
          0.3333333333333333,
          0.3333333333333333,
          0.3333333333333333,
          0.3333333333333333,
          0.3333333333333333,
          0.3333333333333333,
          0.3333333333333333,
          0.3333333333333333,
          0.3333333333333333,
          0.3333333333333333,
          0.3333333333333333,
          0.3333333333333333,
          0.3333333333333333,
          0.3333333333333333,
          0.3333333333333333,
          0.3333333333333333,
          0.3333333333333333,
          0.3333333333333333,
          0.3333333333333333,
          0.3333333333333333,
          0.3333333333333333,
          0.3333333333333333,
          0.3333333333333333,
          0.3333333333333333,
          0.3333333333333333,
          0.3333333333333333,
          0.3333333333333333,
          0.3333333333333333,
          0.3333333333333333,
          0.3333333333333333,
          0.3333333333333333,
          0.3333333333333333,
          0.3333333333333333,
          0.3333333333333333,
          0.3333333333333333,
          0.3333333333333333,
          0.3333333333333333,
          0.3333333333333333,
          0.3333333333333333,
          0.3333333333333333
        ],
        "hotflip_seconds": 1341.5804669857025
      },
      "0.5": {
        "lambda": 0.5,
        "hotflip_ce": 1.3905141629899542,
        "final_naturalness": 0.16666666666666666,
        "final_text": " Pharmaceutical \u0627\u0643\u062a\u0648\u0628\u0631\ud83d\ude39 \u0432\u0438\u043f\u0440\u0430\u0432\u0438\u0432\u0448\u0438 \u043d\u0435\u0437\u0430\u0432\u0435\u0440\u0448\u0435\u043d\u0430 \u092c\u094d\u0930\u0947\u0915\u0921\u093e\u0909\u0928",