{
  "experiment": "steer-001-exp11-st-estimator",
  "model": "google/gemma-2-2b-it",
  "reference_prefix": "Talk only about cats.",
  "seed": 42,
  "prefix_len": 8,
  "n_soft_steps": 300,
  "n_hotflip_steps": 80,
  "batch_size": 12,
  "hf_topk": 30,
  "method": "straight_through_estimator",
  "metrics": {
    "st_ce_final": 0.7521514892578125,
    "soft_ce_direct_final": 0.9978829622268677,
    "projection_ce": 0.7624464631080627,
    "hotflip_ce": 0.6893482804298401,
    "exp1_baseline_soft": 0.1908,
    "exp1_baseline_proj": 1.4357,
    "exp1_baseline_hotflip": 0.7399
  },
  "projected_text": " veterinary wellness\u30e6 TEXT\u8bed\u8a00 replySlightly cats",
  "final_text": " Cat wellnessceptre\u4eba\u5de5\u8bed\u8a00 reply with cats",
  "final_ids": [
    6828,
    44013,
    169091,
    77616,
    48982,
    7260,
    675,
    19493
  ],
  "st_log": [
    1.5510443449020386,
    1.5460834503173828,
    1.5471569299697876,
    1.5384042263031006,
    1.5371809005737305,
    1.534722924232483,
    1.5378254652023315,
    1.533957839012146,
    1.5307118892669678,
    1.5100065469741821,
    1.5014139413833618,
    1.418347954750061,
    1.401706337928772,
    1.401706337928772,
    1.4225263595581055,
    1.4225263595581055,
    1.349031686782837,
    1.266309380531311,
    1.3206809759140015,
    1.3019802570343018,
    1.1073740720748901,
    1.1273146867752075,
    1.1067880392074585,
    1.092382788658142,
    1.092382788658142,
    1.092382788658142,
    1.1126635074615479,
    1.1126635074615479,
    1.184983253479004,
    1.1188398599624634,
    1.0589112043380737,
    1.0589112043380737,
    1.0589112043380737,
    1.0276800394058228,
    1.0276800394058228,
    1.0010981559753418,
    0.9836209416389465,
    0.9982067942619324,
    0.9982067942619324,
    1.0114017724990845,
    1.0114017724990845,
    1.0114017724990845,
    1.0122641324996948,
    1.0122641324996948,
    0.9638793468475342,
    0.9299132227897644,
    0.9748240113258362,
    0.9748240113258362,
    0.9748240113258362,
    0.9748240113258362,
    0.9748240113258362,
    0.9748240113258362,
    0.96238774061203,
    0.9599526524543762,
    0.9642144441604614,
    0.9642144441604614,
    0.9642144441604614,
    0.9648593068122864,
    0.9648593068122864,
    0.9445063471794128,
    0.9445063471794128,
    0.9445063471794128,
    0.9097023010253906,
    0.8902573585510254,
    0.9580401182174683,
    0.9580401182174683,
    0.9580401182174683,
    0.9516131281852722,
    0.9516131281852722,
    0.9516131281852722,
    1.2813059091567993,
    1.2813059091567993,
    1.1796514987945557,
    1.1796514987945557,
    0.9868049025535583,
    0.9879095554351807,
    0.9879095554351807,
    0.9879095554351807,
    0.9879095554351807,
    1.013100266456604,
    1.013100266456604,
    0.9836252331733704,
    0.9836252331733704,
    0.9836252331733704,
    1.022109031677246,
    1.022109031677246,
    1.022109031677246,
    1.022109031677246,
    1.022109031677246,
    1.022109031677246,
    1.0185508728027344,
    1.0438014268875122,
    1.0438014268875122,
    1.0438014268875122,
    0.9273503422737122,
    0.9273503422737122,
    0.9752137064933777,
    0.9752137064933777,
    0.9752137064933777,
    0.9035090208053589,
    0.8598836064338684,
    0.8701091408729553,
    0.858223021030426,
    0.8589342832565308,
    0.8589342832565308,
    0.8589342832565308,
    0.8589342832565308,
    0.8589342832565308,
    0.9688147306442261,
    0.9688147306442261,
    0.9688147306442261,
    1.0467294454574585,
    1.0095560550689697,
    0.9587547779083252,
    0.9587547779083252,
    0.962127685546875,
    0.962127685546875,
    0.9466142654418945,
    0.9466142654418945,
    0.9421525001525879,
    0.9421525001525879,
    0.9682213068008423,
    0.9556597471237183,
    1.0065778493881226,
    1.0065778493881226,
    0.9881439805030823,
    0.9881439805030823,
    0.9179003834724426,
    0.9179003834724426,
    0.9179003834724426,
    0.9179003834724426,
    0.9204556345939636,
    0.9204556345939636,
    0.971609890460968,
    0.971609890460968,
    0.971609890460968,
    0.971609890460968,
    0.9806411862373352,
    0.898040235042572,
    0.911492109298706,
    0.911492109298706,
    1.0023298263549805,
    0.9965992569923401,
    0.9965992569923401,
    0.9965992569923401,
    0.9965992569923401,
    0.9965992569923401,
    0.9965992569923401,
    0.9965992569923401,
    0.9965992569923401,
    0.941493809223175,
    0.838900089263916,
    0.838900089263916,
    0.8852286338806152,
    0.8648967146873474,
    0.8648967146873474,
    0.8648967146873474,
    0.8648967146873474,
    0.8648967146873474,
    0.8648967146873474,
    0.9021360874176025,
    0.9021360874176025,
    1.1206098794937134,
    0.8730765581130981,
    0.8730765581130981,
    1.1451292037963867,
    0.8799325227737427,
    0.8799325227737427,
    1.0075854063034058,
    0.9393889307975769,
    0.9393889307975769,
    0.9393889307975769,
    0.929142415523529,
    0.929142415523529,
    0.929142415523529,
    0.929142415523529,
    1.0905109643936157,
    1.0905109643936157,
    1.1746933460235596,
    1.0144678354263306,
    1.1648950576782227,
    1.0654878616333008,
    1.0695370435714722,
    1.0886000394821167,
    1.0886000394821167,
    1.0647574663162231,
    1.0647574663162231,
    1.0647574663162231,
    1.0647574663162231,
    1.0647574663162231,
    0.9962384104728699,
    0.9962384104728699,
    0.9758604168891907,
    0.9279193878173828,
    0.9279193878173828,
    0.9601284861564636,
    0.9601284861564636,
    0.9601284861564636,
    0.8972712159156799,
    0.9069527387619019,
    0.8721016049385071,
    0.8721016049385071,
    0.8721016049385071,
    0.8721016049385071,
    0.958835244178772,
    0.958835244178772,
    0.9200557470321655,
    0.8745224475860596,
    0.9273139238357544,
    0.9273139238357544,
    0.8291593790054321,
    0.8248473405838013,
    0.8248473405838013,
    0.8248473405838013,
    0.8248473405838013,
    0.8248473405838013,
    0.8248473405838013,
    0.8618659973144531,
    0.8618659973144531,
    0.8618659973144531,
    0.8512412309646606,
    0.8512412309646606,
    0.8212048411369324,
    0.8212048411369324,
    0.8212048411369324,
    0.8212048411369324,
    0.8212048411369324,
    0.8212048411369324,
    0.8212048411369324,
    0.8212048411369324,
    0.8406164646148682,
    0.8406164646148682,
    0.8406164646148682,
    0.8406164646148682,
    1.1612727642059326,
    0.9732459783554077,
    0.8406164646148682,
    0.8539195656776428,
    0.8571585416793823,
    0.8571585416793823,
    0.8571585416793823,
    0.8399885892868042,
    0.8399885892868042,
    0.8399885892868042,
    1.1656556129455566,
    0.8399885892868042,
    0.8399885892868042,
    0.840607762336731,
    0.8405645489692688,
    0.8405645489692688,
    0.8803039193153381,
    1.0287121534347534,
    1.1649800539016724,
    1.1649800539016724,
    0.8098846077919006,
    0.8098846077919006,
    0.8098846077919006,
    0.8098846077919006,
    0.8098846077919006,
    0.8098846077919006,
    0.8098846077919006,
    0.8098846077919006,
    0.8098846077919006,
    0.8098846077919006,
    0.8098846077919006,
    0.8098846077919006,
    1.1679960489273071,
    0.8098846077919006,
    0.8098846077919006,
    0.8098846077919006,
    0.8098846077919006,
    0.861716091632843,
    1.1474024057388306,
    0.861716091632843,
    0.8774042129516602,
    0.8774042129516602,
    0.8774042129516602,
    1.1499134302139282,
    0.8774042129516602,
    0.861716091632843,
    0.861716091632843,
    0.861716091632843,
    0.861716091632843,
    1.1474024057388306,
    1.1474024057388306,
    0.861716091632843,
    0.861716091632843,
    0.861716091632843,
    0.861716091632843,
    0.8186725378036499,
    0.8186725378036499,
    0.8094818592071533,
    0.8094818592071533,
    0.8094818592071533,
    0.7521514892578125,
    0.8640913367271423,
    0.8640913367271423,
    0.8640913367271423,
    0.7521514892578125,
