{
  "experiment": "steer-001-exp24-scale-prefix-24",
  "model": "google/gemma-2-2b-it",
  "reference_prefix": "Talk only about cats.",
  "seed": 42,
  "prefix_len": 24,
  "n_soft_steps": 300,
  "n_hotflip_steps": 50,
  "batch_size": 12,
  "hf_topk": 50,
  "lr_max": 0.01,
  "lr_min": 0.001,
  "method": "st_cosine_anneal_best_prefix",
  "metrics": {
    "best_st_ce": 0.8238499164581299,
    "final_st_ce": 0.859448254108429,
    "projection_ce_best": 0.8665106892585754,
    "projection_ce_final_step": 0.859448254108429,
    "hotflip_ce": 0.6689612865447998,
    "exp19_reference": 0.6794
  },
  "projected_text": " cats caregivers \u03b8\u03b1 Hag companionshipthu HOMEConfiguring Awak\u306e\u8449 \u53eaDeckmampuanTips Nantes votre replies languageDllImport mischievous playful cats Fern kitten",
  "final_proj_text_comparison": " cats nutritionApiRequest Hag companionshipthu Espa\u00f1olConfiguring Awak\u306e\u8449 \u53eaDeckmampuanTips Nantes votre replies languageUnderstanding sarcastic mischievous cats Fern CAT",
  "final_text": " cats physiology \u03b8\u03b1 litterERDcriminatormanu\u201d]Welcome newOwner \u53eacVarmampuan precisione automatiquesHer replies serezTableAdapter mischievous amusing cats clear feline",
  "final_ids": [
    19493,
    68916,
    41593,
    39416,
    125322,
    116036,
    170467,
    113427,
    11890,
    220889,
    95372,
    173785,
    70190,
    231581,
    204166,
    8274,
    10357,
    130103,
    107469,
    136903,
    69921,
    19493,
    3110,
    145156
  ],
  "st_log": [
    1.5459846258163452,
    1.5406126976013184,
    1.5440956354141235,
    1.5328046083450317,
    1.5254133939743042,
    1.5138726234436035,
    1.5079604387283325,
    1.5056610107421875,
    1.4569060802459717,
    1.4625967741012573,
    1.4397497177124023,
    1.4409663677215576,
    1.4359617233276367,
    1.3612687587738037,
    1.3329700231552124,
    1.2674832344055176,
    1.3064576387405396,
    1.2321288585662842,
    1.2271065711975098,
    1.252660870552063,
    1.2342019081115723,
    1.225466251373291,
    1.111865520477295,
    1.06742525100708,
    1.0686804056167603,
    1.1013487577438354,
    1.0190155506134033,
    1.0233685970306396,
    1.030077576637268,
    1.030077576637268,
    1.0366111993789673,
    1.0803534984588623,
    1.0452631711959839,
    1.0452631711959839,
    1.047019600868225,
    1.0527732372283936,
    1.0117489099502563,
    1.010900616645813,
    1.010900616645813,
    1.0175843238830566,
    0.981407642364502,
    0.9685311317443848,
    1.0171233415603638,
    1.0171233415603638,
    0.9855166077613831,
    1.0100443363189697,
    1.0151209831237793,
    1.0151209831237793,
    1.0474995374679565,
    1.0474995374679565,
    1.1064940690994263,
    1.1362030506134033,
    1.1228485107421875,
    1.0642833709716797,
    1.058257818222046,
    1.0054959058761597,
    1.0027507543563843,
    0.8914046287536621,
    1.092220425605774,
    0.9926920533180237,
    0.9869163036346436,
    0.9866877794265747,
    1.1545745134353638,
    0.9737705588340759,
    0.9737705588340759,
    0.9385745525360107,
    0.9385745525360107,
    1.0311616659164429,
    1.1396950483322144,
    1.135529637336731,
    0.9915015697479248,
    0.9893773794174194,
    0.9628319144248962,
    0.9628319144248962,
    0.9618732929229736,
    0.9985000491142273,
    0.9640788435935974,
    0.9647229909896851,
    0.9594864845275879,
    1.0425329208374023,
    0.9488071203231812,
    0.938214898109436,
    0.8874396681785583,
    0.8829394578933716,
    0.8826186060905457,
    0.9443967938423157,
    0.9443967938423157,
    0.9443967938423157,
    0.9885557293891907,
    0.9423295855522156,
    0.9254888296127319,
    0.9062108397483826,
    0.9296411871910095,
    0.9416818618774414,
    0.97210693359375,
    0.9719797372817993,
    0.9719797372817993,
    0.9719797372817993,
    0.9257290959358215,
    0.8888537883758545,
    0.8621754050254822,
    0.8441685438156128,
    0.8441685438156128,
    0.8441685438156128,
    0.8441685438156128,
    0.8441685438156128,
    0.8613238334655762,
    1.0402474403381348,
    1.0402474403381348,
    1.0402474403381348,
    0.9973104596138,
    0.9973104596138,
    1.258867621421814,
    1.3419493436813354,
    1.3419493436813354,
    1.3104180097579956,
    1.3104180097579956,
    1.301872968673706,
    1.3640767335891724,
    1.0589431524276733,
    1.0310717821121216,
    1.0441244840621948,
    1.0441244840621948,
    1.0171915292739868,
    0.9185224175453186,
    0.9972731471061707,
    0.9158629179000854,
    0.944159209728241,
    0.944159209728241,
    0.944159209728241,
    1.0746861696243286,
    1.0287545919418335,
    1.0287545919418335,
    0.9313240647315979,
    0.9193618893623352,
    0.9193618893623352,
    0.9193618893623352,
    0.9193618893623352,
    0.9193618893623352,
    0.9193618893623352,
    0.9193618893623352,
    0.9193618893623352,
    0.9448322653770447,
    0.9261713624000549,
    0.9261713624000549,
    0.8944514989852905,
    0.8686655163764954,
    0.8686655163764954,
    0.9111296534538269,
    0.9111296534538269,
    0.9111296534538269,
    0.8882129192352295,
    0.8882129192352295,
    0.8882129192352295,
    0.8710795640945435,
    0.8710795640945435,
    0.983585000038147,
    0.983585000038147,
    0.983585000038147,
    0.983585000038147,
    0.9648032784461975,
    0.9652100801467896,
    0.9605060815811157,
    0.9872311949729919,
    0.9591075778007507,
    0.9591075778007507,
    0.9410513639450073,
    0.914316713809967,
    0.914316713809967,
    0.914316713809967,
    0.8532385230064392,
    0.8754878640174866,
    0.9507639408111572,
    0.9741939306259155,
    0.9466882348060608,
    0.9277532696723938,
    0.9277532696723938,
    0.9090641736984253,
    0.9286548495292664,
    0.9215688705444336,
    0.9215688705444336,
    0.9215688705444336,
    0.9230255484580994,
    0.9199945330619812,
    0.9199945330619812,
    0.9320734739303589,
    0.9320734739303589,
    0.9286404252052307,
    0.9355016946792603,
    0.9355016946792603,
    0.9355016946792603,
    0.9355016946792603,
    0.9355016946792603,
    0.9352988600730896,
    0.9352988600730896,
    0.9192381501197815,
    0.9192381501197815,
    0.9262838959693909,
    0.9262838959693909,
    0.9262838959693909,
    0.8775979280471802,
    0.8694821000099182,
    0.8688309192657471,
    0.8991547226905823,
    0.8991547226905823,
    0.9020240306854248,
    0.911338746547699,
    0.911338746547699,
    0.911338746547699,
    0.911338746547699,
    0.9020240306854248,
    0.9020240306854248,
    0.9020240306854248,
    0.9006189107894897,
    0.9006189107894897,
    0.9006189107894897,
    0.9006189107894897,
    0.8925960659980774,
    0.8925960659980774,
    0.8925960659980774,
    0.9006189107894897,
    0.8897183537483215,
    0.8897183537483215,
    0.8728246688842773,
    0.8728246688842773,
    0.8976348042488098,
    0.9227415919303894,
    0.9227415919303894,
    0.9081533551216125,
    0.8984969258308411,
    0.8984969258308411,
    0.8984969258308411,
    0.8984969258308411,
    0.8984969258308411,
    0.8984969258308411,
    0.9081533551216125,
    0.9400433897972107,
    0.9081533551216125,
    0.9423306584358215,
    0.8759385347366333,
    0.8590899109840393,
    0.8793554902076721,
    0.8793554902076721,
    0.8793554902076721,
    0.8793554902076721,
    0.901619553565979,
    0.901619553565979,
    0.901619553565979,
    0.901619553565979,
    0.8968627452850342,
    0.8968627452850342,
    0.8675322532653809,
    0.8675322532653809,
    0.8376165628433228,
    0.8376165628433228,
    0.8376165628433228,
    0.8814928531646729,
    0.8710778951644897,
    0.8710778951644897,
    0.8710778951644897,
    0.8238499164581299,
    0.8535565137863159,
    0.8535565137863159,
    0.8535565137863159,
    0.8535565137863159,
    0.8535565137863159,
    1.0529989004135132,
    1.0529989004135132,
    1.0529989004135132,
    1.0529989004135132,
    1.0529989004135132,
