{
  "experiment": "steer-001-exp18-topk-escalation",
  "model": "google/gemma-2-2b-it",
  "reference_prefix": "Talk only about cats.",
  "exp11_start_ids": [
    6828,
    44013,
    169091,
    77616,
    48982,
    7260,
    675,
    19493
  ],
  "exp11_start_text": " Cat wellnessceptre\u4eba\u5de5\u8bed\u8a00 reply with cats",
  "exp11_reported_ce": 0.68935,
  "verified_starting_ce": 0.7046084403991699,
  "phases": [
    {
      "phase": 1,
      "topk": 50,
      "n_steps": 50,
      "starting_ce": 0.7046084403991699,
      "final_ce": 0.7046084403991699,
      "n_improved_steps": 0,
      "log": [
        0.7046084403991699,
        0.7046084403991699,
        0.7046084403991699,
        0.7046084403991699,
        0.7046084403991699,
        0.7046084403991699,
        0.7046084403991699,
        0.7046084403991699,
        0.7046084403991699,
        0.7046084403991699,
        0.7046084403991699,
        0.7046084403991699,
        0.7046084403991699,
        0.7046084403991699,
        0.7046084403991699,
        0.7046084403991699,
        0.7046084403991699,
        0.7046084403991699,
        0.7046084403991699,
        0.7046084403991699,
        0.7046084403991699,
        0.7046084403991699,
        0.7046084403991699,
        0.7046084403991699,
        0.7046084403991699,
        0.7046084403991699,
        0.7046084403991699,
        0.7046084403991699,
        0.7046084403991699,
        0.7046084403991699,
        0.7046084403991699,
        0.7046084403991699,
        0.7046084403991699,
        0.7046084403991699,
        0.7046084403991699,
        0.7046084403991699,
        0.7046084403991699,
        0.7046084403991699,
        0.7046084403991699,
        0.7046084403991699,
        0.7046084403991699,
        0.7046084403991699,
        0.7046084403991699,
        0.7046084403991699,
        0.7046084403991699,
        0.7046084403991699,
        0.7046084403991699,
        0.7046084403991699,
        0.7046084403991699,
        0.7046084403991699,
        0.7046084403991699
      ],
      "final_text": " Cat wellnessceptre\u4eba\u5de5\u8bed\u8a00 reply with cats",
      "final_ids": [
        6828,
        44013,
        169091,
        77616,
        48982,
        7260,
        675,
        19493
      ],
      "elapsed_seconds": 2750.54962015152
    },
    {
      "phase": 2,
      "topk": 100,
      "n_steps": 80,
      "starting_ce": 0.7046084403991699,
      "final_ce": 0.687717854976654,
      "n_improved_steps": 5,
      "log": [
        0.7046084403991699,
        0.7035136222839355,
        0.6950865387916565,
        0.6935797929763794,
        0.6878364086151123,
        0.687717854976654,
        0.687717854976654,
        0.687717854976654,
        0.687717854976654,
        0.687717854976654,
        0.687717854976654,
        0.687717854976654,
        0.687717854976654,
        0.687717854976654,
        0.687717854976654,
        0.687717854976654,
        0.687717854976654,
        0.687717854976654,
        0.687717854976654,
        0.687717854976654,
        0.687717854976654,
        0.687717854976654,
        0.687717854976654,
        0.687717854976654,
        0.687717854976654,
        0.687717854976654,
        0.687717854976654,
        0.687717854976654,
        0.687717854976654,
        0.687717854976654,
        0.687717854976654,
        0.687717854976654,
        0.687717854976654,
        0.687717854976654,
        0.687717854976654,
        0.687717854976654,
        0.687717854976654,
        0.687717854976654,
        0.687717854976654,
        0.687717854976654,
        0.687717854976654,
        0.687717854976654,
        0.687717854976654,
        0.687717854976654,
        0.687717854976654,
        0.687717854976654,
        0.687717854976654,
        0.687717854976654,
        0.687717854976654,
        0.687717854976654,
        0.687717854976654,
        0.687717854976654,
        0.687717854976654,
        0.687717854976654,
        0.687717854976654,
        0.687717854976654,
        0.687717854976654,
        0.687717854976654,
        0.687717854976654,
        0.687717854976654,
        0.687717854976654,
        0.687717854976654,
        0.687717854976654,
        0.687717854976654,
        0.687717854976654,
        0.687717854976654,
        0.687717854976654,
        0.687717854976654,
        0.687717854976654,
        0.687717854976654,
        0.687717854976654,
        0.687717854976654,
        0.687717854976654,
        0.687717854976654,
        0.687717854976654,
        0.687717854976654,
        0.687717854976654,
        0.687717854976654,
        0.687717854976654,
        0.687717854976654,
        0.687717854976654
      ],
      "final_text": " Cat carenub\u4eba\u5de5\u8bed\u8a00 reply with cats",
      "final_ids": [
        6828,
        2212,
        148660,
        77616,
        48982,
        7260,
        675,
        19493
      ],
      "elapsed_seconds": 17229.108795404434
    },
    {
      "phase": 3,
      "topk": 200,
      "n_steps": 50,
      "starting_ce": 0.687717854976654,
      "final_ce": 0.687717854976654,
      "n_improved_steps": 0,
      "log": [
        0.687717854976654,
        0.687717854976654,
        0.687717854976654,
        0.687717854976654,
        0.687717854976654,
        0.687717854976654,
        0.687717854976654,
        0.687717854976654,
        0.687717854976654,
        0.687717854976654,
        0.687717854976654,
        0.687717854976654,
        0.687717854976654,
        0.687717854976654,
        0.687717854976654,
        0.687717854976654,
        0.687717854976654,
        0.687717854976654,
        0.687717854976654,
        0.687717854976654,
        0.687717854976654,
        0.687717854976654,
        0.687717854976654,
        0.687717854976654,
        0.687717854976654,
        0.687717854976654,
        0.687717854976654,
        0.687717854976654,
        0.687717854976654,
        0.687717854976654,
        0.687717854976654,
        0.687717854976654,
        0.687717854976654,
        0.687717854976654,
        0.687717854976654,
        0.687717854976654,
        0.687717854976654,
        0.687717854976654,
        0.687717854976654,
        0.687717854976654,
        0.687717854976654,
        0.687717854976654,
        0.687717854976654,
        0.687717854976654,
        0.687717854976654,
        0.687717854976654,
        0.687717854976654,
        0.687717854976654,
        0.687717854976654,
        0.687717854976654,
        0.687717854976654
      ],
      "final_text": " Cat carenub\u4eba\u5de5\u8bed\u8a00 reply with cats",
      "final_ids": [
        6828,
        2212,
        148660,
        77616,
        48982,
        7260,
        675,
        19493
      ],
      "elapsed_seconds": 24023.36054086685
    }
  ],
  "global_best_ce": 0.687717854976654,
  "global_best_ids": [
    6828,
    2212,
    148660,
    77616,
    48982,
    7260,
    675,
    19493
  ],
  "global_best_text": " Cat carenub\u4eba\u5de5\u8bed\u8a00 reply with cats",
  "total_improvement": 0.01689058542251587
}