{
  "experiment": "steer-001-exp15-st-annealed",
  "model": "google/gemma-2-2b-it",
  "reference_prefix": "Talk only about cats.",
  "seed": 42,
  "prefix_len": 8,
  "n_soft_steps": 300,
  "n_hotflip_steps": 80,
  "batch_size": 12,
  "hf_topk": 30,
  "lr_max": 0.01,
  "lr_min": 0.001,
  "method": "st_cosine_annealing_best_prefix",
  "metrics": {
    "best_st_ce": 0.8784686923027039,
    "final_st_ce": 0.8916629552841187,
    "projection_ce_best": 0.9497385621070862,
    "projection_ce_final_step": 0.9571832418441772,
    "hotflip_ce": 0.7377613186836243,
    "exp11_proj": 0.76245,
    "exp11_hotflip": 0.68935
  },
  "projected_text": "\u0441\u043eReid cats scriptingFollowing narrationMeow\ud83d\ude38",
  "final_proj_text_for_comparison": "ccioReid cats scriptingFollowing narrationMeow\ud83d\ude38",
  "final_text": " primarily manage cats'];?> continuare narrationtone CAT",
  "final_ids": [
    17022,
    12607,
    19493,
    120676,
    141960,
    103788,
    39550,
    33862
  ],
  "st_log": [
    1.548262596130371,
    1.5445371866226196,
    1.5368295907974243,
    1.5348204374313354,
    1.5364885330200195,
    1.5360825061798096,
    1.5222421884536743,
    1.5212886333465576,
    1.5158350467681885,
    1.5133472681045532,
    1.4847445487976074,
    1.4753587245941162,
    1.4753587245941162,
    1.4687374830245972,
    1.4490914344787598,
    1.4490914344787598,
    1.3572125434875488,
    1.3572125434875488,
    1.3572125434875488,
    1.2458837032318115,
    1.1858599185943604,
    1.1497626304626465,
    1.1497626304626465,
    1.1496495008468628,
    1.1130517721176147,
    1.1491879224777222,
    1.1699877977371216,
    1.1657236814498901,
    1.1190989017486572,
    1.1190989017486572,
    1.1190989017486572,
    1.041196346282959,
    1.0403010845184326,
    1.043367624282837,
    1.0543540716171265,
    1.0740184783935547,
    1.0837273597717285,
    1.0515930652618408,
    1.0319583415985107,
    1.0281164646148682,
    1.0281164646148682,
    1.0040611028671265,
    1.0040611028671265,
    1.0047603845596313,
    0.9928036332130432,
    0.9928036332130432,
    0.9928036332130432,
    0.9928036332130432,
    0.9928036332130432,
    0.9928036332130432,
    0.9658188223838806,
    0.9658188223838806,
    0.9658188223838806,
    0.9783798456192017,
    0.9783798456192017,
    0.9783798456192017,
    0.9935960173606873,
    0.992958664894104,
    1.0485210418701172,
    1.0361888408660889,
    1.0393904447555542,
    1.0361888408660889,
    1.041071891784668,
    1.041071891784668,
    1.041071891784668,
    1.041071891784668,
    1.0898562669754028,
    1.0898562669754028,
    1.0898562669754028,
    1.0898562669754028,
    1.0898562669754028,
    1.0898562669754028,
    1.0898562669754028,
    1.0898562669754028,
    1.0898562669754028,
    1.0898562669754028,
    1.0630792379379272,
    1.0630792379379272,
    1.0844309329986572,
    1.0844309329986572,
    1.0844309329986572,
    1.060754418373108,
    1.1510100364685059,
    1.1510100364685059,
    1.1510100364685059,
    1.173311471939087,
    1.173311471939087,
    1.1892731189727783,
    1.137743353843689,
    1.096512794494629,
    1.0239017009735107,
    1.0300387144088745,
    1.0300387144088745,
    1.0300387144088745,
    1.0300387144088745,
    1.0300387144088745,
    1.0297752618789673,
    1.0297752618789673,
    1.0297752618789673,
    1.0572232007980347,
    1.0202428102493286,
    1.0406044721603394,
    1.0407634973526,
    1.072176218032837,
    1.072176218032837,
    1.072176218032837,
    1.072176218032837,
    1.0362358093261719,
    1.0362358093261719,
    1.0362358093261719,
    1.0149260759353638,
    1.018311858177185,
    1.018311858177185,
    1.0693025588989258,
    1.065555214881897,
    1.0927144289016724,
    1.065555214881897,
    1.065555214881897,
    1.0390409231185913,
    1.0390409231185913,
    1.0390409231185913,
    1.065555214881897,
    1.107677936553955,
    1.107677936553955,
    1.0684776306152344,
    1.0684776306152344,
    1.1144016981124878,
    1.0792508125305176,
    1.0792508125305176,
    1.0792508125305176,
    1.0792508125305176,
    1.048222303390503,
    1.048222303390503,
    1.048222303390503,
    1.048222303390503,
    1.0438146591186523,
    1.0438146591186523,
    1.0269153118133545,
    1.0269153118133545,
    1.0269153118133545,
    1.0269153118133545,
    1.0269153118133545,
    1.0269153118133545,
    1.0269153118133545,
    1.0269153118133545,
    1.0269153118133545,
    1.1073960065841675,
    1.1073960065841675,
    1.1073960065841675,
    1.2517467737197876,
    1.2517467737197876,
    1.0269153118133545,
    1.0269153118133545,
    1.0269153118133545,
    1.0269153118133545,
    1.0269153118133545,
    1.0269153118133545,
    1.0269153118133545,
    1.0269153118133545,
    1.0269153118133545,
    0.978638768196106,
    0.978638768196106,
    0.9420369863510132,
    0.9420369863510132,
    0.9642612934112549,
    0.9226331114768982,
    0.9398068189620972,
    0.9547232985496521,
    0.9547232985496521,
    0.9547232985496521,
    0.9547232985496521,
    0.9547232985496521,
    0.9547232985496521,
    0.958069920539856,
    0.958069920539856,
    0.958069920539856,
    0.958069920539856,
    0.958069920539856,
    0.9329806566238403,
    0.9329806566238403,
    0.9329806566238403,
    0.9329806566238403,
    0.9353189468383789,
    0.8951900601387024,
    0.8951900601387024,
    0.8951900601387024,
    0.8951900601387024,
    0.90351802110672,
    0.9353189468383789,
    0.9954819679260254,
    0.9954819679260254,
    0.9954819679260254,
    0.9954819679260254,
    0.9353189468383789,
    0.9353189468383789,
    0.9353189468383789,
    0.9353189468383789,
    0.9353189468383789,
    0.9033806324005127,
    0.9033806324005127,
    0.9033806324005127,
    0.9033806324005127,
    0.8913649320602417,
    0.9587399363517761,
    0.9587399363517761,
    0.9587399363517761,
    0.9587399363517761,
    0.9587399363517761,
    0.9587399363517761,
    0.9587399363517761,
    0.9587399363517761,
    0.9587399363517761,
    0.9243372082710266,
    0.9243372082710266,
    0.9243372082710266,
    0.9243372082710266,
    0.9243372082710266,
    0.9243372082710266,
    0.8905693888664246,
    0.8905693888664246,
    0.9257768988609314,
    0.8905693888664246,
    0.9557237029075623,
    0.9557237029075623,
    0.9446412920951843,
    0.9446412920951843,
    0.9446412920951843,
    0.9446412920951843,
    0.9446412920951843,
    0.9446412920951843,
    0.9446412920951843,
    0.9446412920951843,
    0.9446412920951843,
    0.9446412920951843,
    0.9560526609420776,
    0.9560526609420776,
    0.9560526609420776,
    0.9560526609420776,
    0.9139668941497803,
    0.9587332606315613,
    0.9587332606315613,
    0.9587332606315613,
    0.9587332606315613,
    0.9139668941497803,
    0.9139668941497803,
    0.9139668941497803,
    0.9139668941497803,
    1.0102369785308838,
    0.9387472867965698,
    0.9387472867965698,
    0.8916629552841187,
    0.8916629552841187,
    0.8916629552841187,
    0.8916629552841187,
    0.8916629552841187,
    0.8864222764968872,
    0.8864222764968872,
    0.8864222764968872,
    0.8864222764968872,
    0.8864222764968872,
    0.8864222764968872,
    0.8864222764968872,
    0.8864222764968872,
    0.8864222764968872,
    0.8864222764968872,
    0.8864222764968872,
    0.8864222764968872,
    0.8864222764968872,
    0.8864222764968872,
    0.8864222764968872,
    0.8864222764968872,
    0.8864222764968872,
    0.8864222764968872,
    0.8864222764968872,
    0.8864222764968872,
    0.8864222764968872,
    0.8864222764968872,
    0.8864222764968872,
    0.8864222764968872,
    0.8864222764968872,
    0.8864222764968872,
    0.8864222764968872,
    0.8864222764968872,
    0.8784686923027039,
    0.8784686923027039,
    0.8784686923027039,
    0.8784686923027039,
    0.8784686923027039,
    0.8784686923027039,
    0.8784686923027039,
    0.8784686923027039,
    0.8784686923027039,
