{
  "experiment": "steer-001-gumbel",
  "model": "google/gemma-2-2b-it",
  "reference_prefix": "Talk only about cats.",
  "prefix_len": 8,
  "n_gumbel_steps": 500,
  "temp_init": 2.0,
  "temp_final": 0.1,
  "n_hotflip_steps": 50,
  "lr_logits": 0.05,
  "batch_size": 8,
  "metrics": {
    "gumbel_argmax_ce": 1.4518081503402855,
    "gumbel_cosine_proj_ce": 1.4518081503402855,
    "hotflip_ce_from_gumbel": 1.2723390843926206,
    "exp1_baseline_hotflip_ce": 0.7399094104766846,
    "improvement_over_baseline": -0.532429673915936
  },
  "gumbel_argmax_text": "nalit\u00e9s DeaCAPT GENERATED MIGHT|. fahren matching",
  "gumbel_argmax_ids": [
    69761,
    43163,
    88059,
    228038,
    150361,
    14254,
    70684,
    19947
  ],
  "gumbel_cosine_proj_text": "nalit\u00e9s DeaCAPT GENERATED MIGHT|. fahren matching",
  "gumbel_cosine_proj_ids": [
    69761,
    43163,
    88059,
    228038,
    150361,
    14254,
    70684,
    19947
  ],
  "final_text": "nalit\u00e9s vastaanCAPT JUGAIntoConstraints resourceCulture Hospital matching",
  "final_ids": [
    69761,
    193052,
    88059,
    127964,
    211076,
    94695,
    11151,
    19947
  ],
  "gumbel_log": [
    1.5184591081407335,
    1.5125685003068712,
    1.505193617608812,
    1.5048949586020575,
    1.495973335372077,
    1.4909460677040949,
    1.488411996099684,
    1.4800082445144653,
    1.4761583937538996,
    1.472837699784173,
    1.4706865813997057,
    1.4675770203272502,
    1.4658489757113986,
    1.4633986552556355,
    1.4597994486490886,
    1.4516654014587402,
    1.4487816095352173,
    1.4447191423839993,
    1.443885498576694,
    1.4424743917253282,
    1.4403204917907715,
    1.4347336159812079,
    1.4289803107579548,
    1.4277703762054443,
    1.424546440442403,
    1.4205464389589098,
    1.4176123936971028,
    1.4153443177541096,
    1.411168760723538,
    1.4101334942711725,
    1.4095633029937744,
    1.4043684270646837,
    1.401835560798645,
    1.3983294434017606,
    1.3942999442418416,
    1.394707613521152,
    1.3908075359132555,
    1.3886708948347304,
    1.3864182631174724,
    1.3858815299140081,
    1.3836515214708116,
    1.3817998303307428,
    1.3800946076711018,
    1.3766567574607,
    1.37414726946089,
    1.3736544185214572,
    1.3716442452536688,
    1.3752700752682157,
    1.367640773455302,
    1.360755205154419,
    1.3657376501295302,
    1.365952279832628,
    1.3603267934587266,
    1.359287937482198,
    1.3552119069629245,
    1.3532482518090143,
    1.352988600730896,
    1.346906648741828,
    1.3455274634891086,
    1.3452446593178644,
    1.3584800163904827,
    1.3420674006144206,
    1.3412235842810736,
    1.339259836408827,
    1.334742824236552,
    1.3414928250842624,
    1.3360104825761583,
    1.3311283455954657,
    1.3465929163826837,
    1.3353461689419217,
    1.3187906477186415,
    1.3230510552724202,
    1.325572583410475,
    1.326015551884969,
    1.3127241664462619,
    1.3116160498725042,
    1.3195104996363323,
    1.3201043870713975,
    1.3067170116636488,
    1.313633918762207,
    1.307097355524699,
    1.2990035216013591,
    1.3061092694600422,
    1.3216480678982205,
    1.321497427092658,
    1.2871350977155898,
    1.294421871503194,
    1.3152336147096422,
    1.2866082059012518,
    1.2895154290729098,
    1.296839329931471,
    1.3022080262502034,
    1.2998318009906344,
    1.2909803522957697,
    1.2938975228203669,
    1.316402170393202,
    1.3056858248180814,
    1.3165595928827922,
    1.2755103773540921,
    1.3028809229532878,
    1.304684003194173,
    1.2603299750222101,
    1.288190762201945,
    1.2889704704284668,
    1.3475374115837946,
    1.2632220056321886,
    1.2769373390409682,
    1.2908109823862712,
    1.3484714561038547,
    1.3201526668336656,
    1.3802957269880507,
    1.3696305884255304,
    1.2908470100826688,
    1.306050803926256,
    1.29285995165507,
    1.3213965230517917,
    1.293305344051785,
    1.2707227336035833,
    1.3009436925252278,
    1.2817178037431505,
    1.2954832712809246,
    1.329192254278395,
    1.3117437495125666,
    1.2846854395336575,
    1.3018168608347576,
    1.2896661890877619,
    1.3320861392550998,
    1.3241084814071655,
    1.3360515435536702,
    1.3123332924313016,
    1.2926926347944472,
    1.305720395512051,
    1.355634265475803,
    1.3640225993262396,
    1.3011504544152155,
    1.361391305923462,
    1.276532702975803,
    1.3206761678059895,
    1.3465027941597834,
    1.3508536550733778,
    1.3041356801986694,
    1.335543433825175,
    1.3306965827941895,
    1.3284219238493178,
    1.3320860862731934,
    1.3641414642333984,
    1.3653244839774237,
    1.3414734734429254,
    1.3702577749888103,
    1.3619100915061102,
    1.3559999863306682,
    1.2893620199627347,
    1.3379316859775119,
    1.377761443456014,
    1.3530282576878865,
    1.353982475068834,
    1.3436272674136691,
    1.3038112852308485,
    1.3665143251419067,
    1.368377513355679,
    1.3389882644017537,
    1.3527894152535334,
    1.358225425084432,
    1.351488086912367,
    1.3238780498504639,
    1.3509899377822876,
    1.384363465838962,
    1.362301813231574,
    1.3555688460667927,
    1.3753236267301772,
    1.3365968465805054,
    1.3624865346484714,
    1.3455908166037664,
    1.3624937401877508,
    1.3768673208024766,
    1.3581444422403972,
    1.382940411567688,
    1.3894428412119548,
    1.3744649622175429,
    1.364663455221388,
    1.3813395367728338,
    1.3867003387875028,
    1.3843572404649522,
    1.3565679391225178,
    1.3200325436062283,
    1.3988109562132094,
    1.3967294428083632,
    1.3642651240030925,
    1.3483158085081313,
    1.3760354783799913,
    1.3859459161758423,
    1.3744585381613836,
    1.3254849513371785,
    1.3823394775390625,
    1.357243710094028,
    1.3755407995647855,
    1.3943216535780165,
    1.3338262372546725,
    1.3335190216700237,
    1.3825884924994574,
    1.3412587642669678,
    1.364408599005805,
    1.3975262509451971,
    1.4206382036209106,
    1.3803517421086628,
    1.3924692736731634,
    1.3501885467105441,
    1.3615840938356187,
    1.3821971548928156,
    1.3808544741736517,
    1.3610723813374836,
    1.3930793735716078,
    1.3794294330808852,
    1.3463935057322185,
    1.401863071653578,
    1.3955309391021729,
    1.3525040414598253,
    1.3892249663670857,
    1.3873585330115423,
    1.3812911245557997,
    1.334548791249593,
    1.3537717792722914,
    1.3743282159169514,
    1.3445217212041218,
    1.339872161547343,
    1.351016150580512,
    1.3647406101226807,
    1.3462191555235121,
    1.405699610710144,
    1.3560639090008206,
    1.4473804765277438,
    1.3814380168914795,
    1.4017330010732014,
    1.3786654339896307,
    1.3564775122536554,
    1.3524974054760404,
    1.3640328380796645,
    1.3778241475423176,
    1.342411716779073,
    1.4296836720572577,
    1.390193502108256,
    1.3907118373446994,
    1.3674360911051433,
    1.3724394639333088,
    1.3938150140974257,
    1.3435494502385457,
    1.3974510033925374,
    1.3796067105399237,
    1.3778670496410794,
    1.38229681385888,
    1.3781381713019476,
    1.4093375868267484,
    1.3892038663228352,
    1.3577012883292303,
    1.3761639595031738,
    1.4005705780453153,
    1.3773767550786336,
    1.4137460258271959,
    1.3727339903513591,
    1.3478014866511028,
    1.3781915638181899,
    1.3647822671466403,
    1.379461818271213,
    1.3897820711135864,
    1.3975008991029527,
    1.384417520629035,
    1.3839571078618367,
    1.3968695534600153,
    1.3569286266962688,
    1.3767189184824626,
    1.4028066794077556,
    1.4153756300608318,
    1.3680848677953084,
    1.375723984506395,
    1.3609929482142131,
    1.3665275441275702,
    1.353159533606635,
    1.3783425357606676,
    1.352264616224501,
    1.3682798677020602,
    1.3800208038753934,
    1.3711396323310003,
    1.3863690959082708,
    1.39249054590861,
    1.3853178421656291,
    1.3766498698128595,
    1.3600543207592435,
